code,name,market,sector,signal,close,ret5d_pct,vol_ratio,atr_pct,turn20_oku,dev25_pct,above75,hi52w,ret1d_pct,flag_liquidity,flag_atr,flag_extended,flag_gap,ev_pct,win_rate,n_hist,ev_source,ev_stock_pct,n_stock,tp_ref,sl_ref
8309,三井住友トラストグループ,プライム,銀行業,pullback,1801.5,1.61,1.05,2.14,160.8,2.26,True,False,2.36,OK,OK,OK,OK,0.02,41.3,3420,地合い別,1.1,19,1891.6,1756.5
8630,ＳＯＭＰＯホールディングス,プライム,保険業,pullback,6888.0,1.29,1.05,2.14,150.8,1.27,True,False,1.77,OK,OK,OK,OK,0.02,41.3,3420,地合い別,0.12,8,7232.4,6715.8
8601,大和証券グループ本社,プライム,証券、商品先物取引業,pullback,1845.5,0.49,1.12,2.27,98.0,1.06,True,False,2.5,OK,OK,OK,OK,0.02,41.3,3420,地合い別,0.95,9,1937.8,1799.4
8729,ソニーフィナンシャルグループ,プライム,保険業,pullback,162.3000030517578,-0.43,1.0,2.14,95.1,0.59,True,False,2.14,OK,OK,OK,OK,0.02,41.3,3420,地合い別,5.33,1,170.4,158.2
9147,ＮＩＰＰＯＮ　ＥＸＰＲＥＳＳホールディングス,プライム,陸運業,pullback,5793.0,5.69,1.0,2.14,57.2,3.62,True,False,2.42,OK,OK,OK,OK,0.02,41.3,3420,地合い別,-0.06,10,6082.7,5648.2
8354,ふくおかフィナンシャルグループ,プライム,銀行業,pullback,8008.0,3.53,1.38,2.29,52.4,3.31,True,False,4.56,OK,OK,OK,OK,0.02,41.3,3420,地合い別,1.19,11,8408.4,7807.8
9513,電源開発,プライム,電気・ガス業,pullback,4109.0,-1.68,1.14,2.3,21.3,0.14,True,False,0.42,OK,OK,OK,OK,0.02,41.3,3420,地合い別,-0.13,11,4314.4,4006.3
9008,京王電鉄,プライム,陸運業,pullback,795.0999755859375,-1.03,1.18,1.91,18.5,0.96,True,False,0.52,OK,OK,OK,OK,0.02,41.3,3420,地合い別,-0.97,9,834.9,775.2
5901,東洋製罐グループホールディングス,プライム,金属製品,pullback,4564.0,1.09,1.29,1.73,15.7,1.35,True,False,1.51,OK,OK,OK,OK,0.02,41.3,3420,地合い別,0.29,18,4792.2,4449.9
8410,セブン銀行,プライム,銀行業,pullback,346.70001220703125,0.67,1.24,1.7,13.2,2.4,True,False,1.7,OK,OK,OK,OK,0.02,41.3,3420,地合い別,0.84,10,364.0,338.0
9468,ＫＡＤＯＫＡＷＡ,プライム,情報・通信業,pullback,3665.0,-0.87,1.03,2.08,13.0,0.48,True,False,0.25,OK,OK,OK,OK,0.02,41.3,3420,地合い別,-1.42,5,3848.2,3573.4
3107,ダイワボウホールディングス,プライム,卸売業,pullback,3765.0,1.43,1.11,2.01,12.6,1.22,True,False,1.7,OK,OK,OK,OK,0.02,41.3,3420,地合い別,0.94,13,3953.2,3670.9
9003,相鉄ホールディングス,プライム,陸運業,pullback,2637.5,-0.53,2.09,1.46,11.3,0.53,True,False,0.48,OK,OK,OK,OK,0.02,41.3,3420,地合い別,0.73,6,2769.4,2571.6
8078,阪和興業,プライム,卸売業,pullback,1941.0,2.7,1.18,2.01,9.6,2.15,True,False,1.78,OK,OK,OK,OK,0.02,41.3,3420,地合い別,-2.03,7,2038.1,1892.5
7148,ＦＰＧ,プライム,証券、商品先物取引業,pullback,1710.0,1.12,1.35,1.8,8.8,1.21,True,False,0.06,OK,OK,OK,OK,0.02,41.3,3420,地合い別,-2.98,10,1795.5,1667.2
9031,西日本鉄道,プライム,陸運業,pullback,3125.0,-0.1,2.97,1.85,8.7,0.56,True,False,1.63,OK,OK,OK,OK,0.02,41.3,3420,地合い別,-1.69,4,3281.2,3046.9
8616,東海東京フィナンシャル・ホールディングス,プライム,証券、商品先物取引業,pullback,906.0,1.8,1.13,1.87,8.5,2.22,True,False,2.14,OK,OK,OK,OK,0.02,41.3,3420,地合い別,4.55,6,951.3,883.4
9759,ＮＳＤ,プライム,情報・通信業,pullback,2936.5,2.03,1.67,1.9,8.1,2.0,True,False,0.39,OK,OK,OK,OK,0.02,41.3,3420,地合い別,1.07,5,3083.3,2863.1
8174,日本瓦斯,プライム,小売業,pullback,3084.0,0.1,1.61,2.03,7.9,1.56,True,False,1.58,OK,OK,OK,OK,0.02,41.3,3420,地合い別,1.23,14,3238.2,3006.9
2229,カルビー,プライム,食料品,pullback,3059.0,0.96,1.2,1.38,7.5,0.16,True,False,0.72,OK,OK,OK,OK,0.02,41.3,3420,地合い別,-0.04,16,3212.0,2982.5
8425,みずほリース,プライム,その他金融業,pullback,1378.0,1.7,1.05,1.47,7.4,0.7,True,False,1.25,OK,OK,OK,OK,0.02,41.3,3420,地合い別,-0.44,5,1446.9,1343.5
6960,フクダ電子,スタンダード,電気機器,pullback,12080.0,2.72,1.38,2.47,7.2,1.41,True,False,0.25,OK,OK,OK,OK,0.02,41.3,3420,地合い別,4.8,1,12684.0,11778.0
7458,第一興商,プライム,卸売業,pullback,1910.5,2.22,2.61,1.57,7.1,2.08,True,False,1.49,OK,OK,OK,OK,0.02,41.3,3420,地合い別,-0.83,4,2006.0,1862.7
1820,西松建設,プライム,建設業,pullback,5659.0,1.73,1.11,1.52,7.0,1.37,True,False,-0.58,OK,OK,OK,OK,0.02,41.3,3420,地合い別,0.5,16,5941.9,5517.5
6412,平和,プライム,機械,pullback,2216.0,0.05,2.02,1.42,6.4,0.46,True,False,0.86,OK,OK,OK,OK,0.02,41.3,3420,地合い別,1.39,3,2326.8,2160.6
6379,レイズネクスト,プライム,建設業,pullback,3040.0,4.15,1.63,2.22,6.3,0.14,True,False,-1.94,OK,OK,OK,OK,0.02,41.3,3420,地合い別,,0,3192.0,2964.0
8194,ライフコーポレーション,プライム,小売業,pullback,2713.0,0.04,1.05,2.25,6.2,0.79,True,False,1.19,OK,OK,OK,OK,0.02,41.3,3420,地合い別,0.13,2,2848.7,2645.2
7313,テイ・エス　テック,プライム,輸送用機器,pullback,1842.0,1.94,1.0,1.23,5.8,0.35,True,False,0.46,OK,OK,OK,OK,0.02,41.3,3420,地合い別,-0.52,6,1934.1,1796.0
8572,アコム,スタンダード,その他金融業,pullback,486.70001220703125,-0.23,1.21,1.39,5.7,0.15,True,False,0.98,OK,OK,OK,OK,0.02,41.3,3420,地合い別,0.41,16,511.0,474.5
1879,新日本建設,プライム,建設業,pullback,2338.0,3.18,1.21,1.92,5.1,1.43,True,False,1.7,OK,OK,OK,OK,0.02,41.3,3420,地合い別,,0,2454.9,2279.5
8511,日本証券金融,プライム,その他金融業,pullback,2528.0,3.95,1.42,1.62,5.1,1.82,True,False,1.85,OK,OK,OK,OK,0.02,41.3,3420,地合い別,0.31,3,2654.4,2464.8
9744,メイテックグループホールディングス,プライム,サービス業,breakout,3503.0,3.03,1.58,1.38,15.1,3.68,True,False,0.6,OK,OK,OK,OK,-0.13,38.5,2019,地合い別,-1.63,9,3678.2,3415.4
8001,伊藤忠商事,プライム,卸売業,pullback,2211.0,-4.74,1.24,2.85,406.8,0.51,True,False,-0.43,OK,NG,OK,OK,0.02,41.3,3420,地合い別,1.31,17,2321.6,2155.7
6301,小松製作所,プライム,機械,pullback,7640.0,8.22,1.76,2.75,219.6,4.53,True,False,5.98,OK,NG,OK,OK,0.02,41.3,3420,地合い別,2.74,8,8022.0,7449.0
6448,ブラザー工業,プライム,電気機器,pullback,4732.0,5.84,1.05,2.71,53.6,1.71,True,False,1.37,OK,NG,OK,OK,0.02,41.3,3420,地合い別,0.56,14,4968.6,4613.7
7167,めぶきフィナンシャルグループ,プライム,銀行業,pullback,1729.5,2.76,1.26,2.65,47.5,3.11,True,True,4.0,OK,NG,OK,OK,0.02,41.3,3420,地合い別,1.13,15,1816.0,1686.3
3064,ＭｏｎｏｔａＲＯ,プライム,小売業,pullback,1960.0,-0.63,1.1,2.74,33.4,2.95,True,False,1.5,OK,NG,OK,OK,0.02,41.3,3420,地合い別,-2.7,1,2058.0,1911.0
7389,あいちフィナンシャルグループ,プライム,銀行業,pullback,2066.0,4.98,1.66,4.1,21.4,7.9,True,False,8.45,OK,NG,NG,NG,0.02,41.3,3420,地合い別,,0,2169.3,2014.3
9533,東邦瓦斯,プライム,電気・ガス業,pullback,1263.0,-3.48,1.12,2.85,11.0,0.22,True,False,2.06,OK,NG,OK,OK,0.02,41.3,3420,地合い別,0.63,13,1326.2,1231.4
7322,三十三フィナンシャルグループ,プライム,銀行業,pullback,2238.0,10.68,1.71,4.22,10.0,7.03,True,False,8.8,OK,NG,NG,NG,0.02,41.3,3420,地合い別,,0,2349.9,2182.0
8522,名古屋銀行,プライム,銀行業,pullback,7470.0,5.96,1.14,2.98,8.1,5.3,True,False,4.62,OK,NG,OK,OK,0.02,41.3,3420,地合い別,,0,7843.5,7283.2
319A,技術承継機構,グロース,金属製品,pullback,21460.0,11.19,1.56,5.6,7.8,6.09,True,False,6.87,OK,NG,OK,NG,0.02,41.3,3420,地合い別,,0,22533.0,20923.5
3176,三洋貿易,プライム,卸売業,pullback,1163.0,1.13,1.06,2.99,5.4,1.19,True,False,2.38,OK,NG,OK,OK,0.02,41.3,3420,地合い別,,0,1221.2,1133.9
9090,ＡＺ－ＣＯＭ丸和ホールディングス,プライム,陸運業,pullback,904.0,-0.33,1.29,1.94,5.0,0.97,True,False,-0.33,NG,OK,OK,OK,0.02,41.3,3420,地合い別,-2.7,1,949.2,881.4
8803,平和不動産,プライム,不動産業,pullback,2373.0,1.24,1.22,1.16,4.2,0.01,True,False,0.13,NG,OK,OK,OK,0.02,41.3,3420,地合い別,-3.25,2,2491.7,2313.7
6995,東海理化電機製作所,プライム,輸送用機器,pullback,3180.0,1.6,1.04,2.27,4.1,1.13,True,False,-0.47,NG,OK,OK,OK,0.02,41.3,3420,地合い別,4.8,1,3339.0,3100.5
7575,日本ライフライン,プライム,卸売業,pullback,1570.0,1.16,10.03,1.72,4.1,0.85,True,False,0.51,NG,OK,OK,OK,0.02,41.3,3420,地合い別,,0,1648.5,1530.8
8059,第一実業,プライム,卸売業,pullback,3720.0,2.9,1.21,2.0,4.1,1.48,True,False,1.64,NG,OK,OK,OK,0.02,41.3,3420,地合い別,,0,3906.0,3627.0
3050,ＤＣＭホールディングス,プライム,小売業,pullback,1608.0,-0.12,1.28,1.39,3.9,0.97,True,False,0.94,NG,OK,OK,OK,0.02,41.3,3420,地合い別,1.23,1,1688.4,1567.8
7199,プレミアグループ,プライム,その他金融業,pullback,2115.0,1.93,1.14,2.04,3.9,0.62,True,False,-0.14,NG,OK,OK,OK,0.02,41.3,3420,地合い別,-2.7,1,2220.8,2062.1
7241,フタバ産業,プライム,輸送用機器,pullback,1119.0,2.1,1.56,1.58,3.8,1.21,True,False,0.9,NG,OK,OK,OK,0.02,41.3,3420,地合い別,,0,1175.0,1091.0
9303,住友倉庫,プライム,倉庫・運輸関連業,pullback,4200.0,1.33,1.11,1.54,3.8,0.65,True,False,0.6,NG,OK,OK,OK,0.02,41.3,3420,地合い別,-1.18,2,4410.0,4095.0
2681,ゲオホールディングス,プライム,小売業,pullback,2381.0,4.25,1.04,2.83,3.7,1.4,True,False,1.71,NG,NG,OK,OK,0.02,41.3,3420,地合い別,,0,2500.1,2321.5
2288,丸大食品,プライム,食料品,pullback,2286.0,-0.22,2.04,1.22,3.5,0.95,True,False,0.66,NG,OK,OK,OK,0.02,41.3,3420,地合い別,,0,2400.3,2228.8
8130,サンゲツ,プライム,卸売業,pullback,3235.0,1.57,1.24,0.92,3.5,1.19,True,False,0.47,NG,OK,OK,OK,0.02,41.3,3420,地合い別,-0.54,3,3396.8,3154.1
9347,日本管財ホールディングス,プライム,サービス業,pullback,2947.0,-0.37,1.68,1.27,3.5,1.11,True,False,-0.1,NG,OK,OK,OK,0.02,41.3,3420,地合い別,,0,3094.3,2873.3
8613,丸三証券,プライム,証券、商品先物取引業,pullback,1296.0,0.39,1.1,1.62,3.2,0.6,True,False,1.41,NG,OK,OK,OK,0.02,41.3,3420,地合い別,,0,1360.8,1263.6
3076,あい　ホールディングス,プライム,卸売業,pullback,3020.0,1.79,1.11,1.61,3.1,1.58,True,False,1.82,NG,OK,OK,OK,0.02,41.3,3420,地合い別,,0,3171.0,2944.5
4526,理研ビタミン,プライム,食料品,pullback,3340.0,0.75,1.57,1.46,3.1,0.1,True,False,0.6,NG,OK,OK,OK,0.02,41.3,3420,地合い別,,0,3507.0,3256.5
7981,タカラスタンダード,プライム,その他製品,pullback,3140.0,1.45,1.2,1.51,3.1,1.42,True,False,0.96,NG,OK,OK,OK,0.02,41.3,3420,地合い別,,0,3297.0,3061.5
2733,あらた,プライム,卸売業,pullback,2720.0,0.93,2.63,1.17,3.0,0.92,True,False,0.29,NG,OK,OK,OK,0.02,41.3,3420,地合い別,,0,2856.0,2652.0
8214,ＡＯＫＩホールディングス,プライム,小売業,pullback,1742.0,1.57,1.69,1.18,3.0,0.32,True,False,0.46,NG,OK,OK,OK,0.02,41.3,3420,地合い別,,0,1829.1,1698.5
6349,小森コーポレーション,プライム,機械,pullback,2034.0,4.36,2.65,1.68,2.9,1.81,True,False,1.85,NG,OK,OK,OK,0.02,41.3,3420,地合い別,,0,2135.7,1983.1
7177,ＧＭＯフィナンシャルホールディングス,スタンダード,証券、商品先物取引業,pullback,1184.0,1.98,1.05,1.83,2.8,1.8,True,False,0.68,NG,OK,OK,OK,0.02,41.3,3420,地合い別,,0,1243.2,1154.4
8624,いちよし証券,プライム,証券、商品先物取引業,pullback,1710.0,-0.06,1.21,2.71,2.5,0.03,True,False,2.09,NG,NG,OK,OK,0.02,41.3,3420,地合い別,,0,1795.5,1667.2
8850,スターツコーポレーション,プライム,不動産業,pullback,4775.0,2.25,1.01,1.46,2.5,1.23,True,False,0.63,NG,OK,OK,OK,0.02,41.3,3420,地合い別,,0,5013.8,4655.6
9025,鴻池運輸,プライム,陸運業,pullback,2949.0,1.13,1.04,1.58,2.5,1.32,True,False,0.31,NG,OK,OK,OK,0.02,41.3,3420,地合い別,,0,3096.5,2875.3
9830,トラスコ中山,プライム,卸売業,pullback,2448.0,2.3,1.28,1.8,2.4,2.29,True,False,2.17,NG,OK,OK,OK,0.02,41.3,3420,地合い別,,0,2570.4,2386.8
8713,フィデアホールディングス,プライム,銀行業,pullback,2871.0,2.87,1.34,3.3,2.2,3.31,True,False,4.36,NG,NG,OK,OK,0.02,41.3,3420,地合い別,,0,3014.6,2799.2
2749,ＪＰホールディングス,プライム,サービス業,pullback,667.0,-0.74,2.31,1.57,2.1,0.84,True,False,0.76,NG,OK,OK,OK,0.02,41.3,3420,地合い別,,0,700.4,650.3
3696,セレス,プライム,情報・通信業,pullback,2217.0,2.69,1.07,2.47,2.1,0.96,True,False,1.05,NG,OK,OK,OK,0.02,41.3,3420,地合い別,,0,2327.8,2161.6
3232,三重交通グループホールディングス,プライム,不動産業,pullback,600.0,-0.5,1.66,1.73,2.0,0.37,True,False,-0.5,NG,OK,OK,OK,0.02,41.3,3420,地合い別,,0,630.0,585.0
9974,ベルク,プライム,小売業,pullback,6840.0,-2.98,1.26,2.03,2.0,0.25,True,False,0.59,NG,OK,OK,OK,0.02,41.3,3420,地合い別,,0,7182.0,6669.0
3771,システムリサーチ,プライム,情報・通信業,pullback,1948.0,2.96,1.56,2.09,1.9,1.56,True,False,1.35,NG,OK,OK,OK,0.02,41.3,3420,地合い別,,0,2045.4,1899.3
5036,日本ビジネスシステムズ,プライム,情報・通信業,pullback,1613.0,4.0,1.95,2.26,1.8,2.34,True,False,1.64,NG,OK,OK,OK,0.02,41.3,3420,地合い別,,0,1693.7,1572.7
5445,東京鐵鋼,プライム,鉄鋼,pullback,2067.0,0.98,1.34,1.35,1.8,1.17,True,False,0.54,NG,OK,OK,OK,0.02,41.3,3420,地合い別,,0,2170.3,2015.3
5930,文化シヤッター,プライム,金属製品,pullback,1928.0,2.34,1.05,1.36,1.8,1.84,True,False,1.05,NG,OK,OK,OK,0.02,41.3,3420,地合い別,,0,2024.4,1879.8
2301,学情,プライム,サービス業,pullback,1741.0,-0.97,1.02,2.24,1.7,1.57,True,False,0.0,NG,OK,OK,OK,0.02,41.3,3420,地合い別,,0,1828.1,1697.5
2385,総医研ホールディングス,グロース,サービス業,pullback,223.0,4.69,2.05,4.61,1.6,1.11,True,False,-8.23,NG,NG,OK,OK,0.02,41.3,3420,地合い別,,0,234.2,217.4
367A,プリモグローバルホールディングス,スタンダード,小売業,pullback,2886.0,3.33,1.37,2.95,1.6,2.5,True,False,4.95,NG,NG,OK,OK,0.02,41.3,3420,地合い別,,0,3030.3,2813.8
2053,中部飼料,プライム,食料品,pullback,2059.0,0.39,2.96,1.73,1.5,1.54,True,False,1.83,NG,OK,OK,OK,0.02,41.3,3420,地合い別,,0,2162.0,2007.5
2060,フィード・ワン,プライム,食料品,pullback,1489.0,1.99,2.02,1.76,1.5,3.03,True,True,2.41,NG,OK,OK,OK,0.02,41.3,3420,地合い別,,0,1563.5,1451.8
6238,フリュー,プライム,機械,pullback,1433.0,-1.78,1.23,2.32,1.5,0.38,True,False,-1.24,NG,OK,OK,OK,0.02,41.3,3420,地合い別,,0,1504.7,1397.2
6364,ＡＩＲＭＡＮ,プライム,機械,pullback,2585.0,4.95,2.15,2.08,1.5,2.64,True,False,1.61,NG,OK,OK,OK,0.02,41.3,3420,地合い別,,0,2714.2,2520.4
6420,ガリレイホールディングス,プライム,機械,pullback,3510.0,2.33,1.7,1.58,1.5,0.34,True,False,0.29,NG,OK,OK,OK,0.02,41.3,3420,地合い別,,0,3685.5,3422.2
7949,小松ウオール工業,プライム,その他製品,pullback,2841.0,1.0,1.06,1.23,1.3,0.63,True,False,0.42,NG,OK,OK,OK,0.02,41.3,3420,地合い別,,0,2983.1,2770.0
4595,ミズホメディー,スタンダード,医薬品,pullback,1745.0,1.57,1.3,0.87,1.2,1.3,True,False,0.29,NG,OK,OK,OK,0.02,41.3,3420,地合い別,,0,1832.2,1701.4
9305,ヤマタネ,プライム,卸売業,pullback,2126.0,1.05,1.3,1.15,1.2,1.81,True,False,1.05,NG,OK,OK,OK,0.02,41.3,3420,地合い別,,0,2232.3,2072.8
4611,大日本塗料,プライム,化学,pullback,1593.0,2.91,1.4,1.78,1.1,2.55,True,False,1.08,NG,OK,OK,OK,0.02,41.3,3420,地合い別,,0,1672.7,1553.2
7102,日本車輌製造,プライム,輸送用機器,pullback,3695.0,4.38,1.28,2.03,1.1,1.65,True,False,1.65,NG,OK,OK,OK,0.02,41.3,3420,地合い別,,0,3879.8,3602.6
3657,ポールトゥウィンホールディングス,プライム,情報・通信業,pullback,372.0,-1.59,2.11,2.94,1.0,1.35,True,False,-0.8,NG,NG,OK,OK,0.02,41.3,3420,地合い別,,0,390.6,362.7
8929,青山財産ネットワークス,スタンダード,不動産業,pullback,1389.0,2.58,1.05,1.92,1.0,1.08,True,False,1.54,NG,OK,OK,OK,0.02,41.3,3420,地合い別,,0,1458.5,1354.3
3479,ＴＫＰ,グロース,不動産業,pullback,1884.0,0.32,1.16,2.03,0.9,0.08,True,False,0.16,NG,OK,OK,OK,0.02,41.3,3420,地合い別,,0,1978.2,1836.9
3836,アバントグループ,プライム,情報・通信業,pullback,1215.0,-0.25,1.02,1.75,0.9,0.95,True,False,0.0,NG,OK,OK,OK,0.02,41.3,3420,地合い別,,0,1275.8,1184.6
3877,中越パルプ工業,プライム,パルプ・紙,pullback,2248.0,1.03,1.37,1.08,0.9,0.72,True,False,0.13,NG,OK,OK,OK,0.02,41.3,3420,地合い別,,0,2360.4,2191.8
7989,立川ブラインド工業,プライム,金属製品,pullback,2700.0,1.09,2.73,1.06,0.9,0.72,True,False,0.22,NG,OK,OK,OK,0.02,41.3,3420,地合い別,,0,2835.0,2632.5
3139,ラクト・ジャパン,プライム,卸売業,pullback,3480.0,1.31,1.2,1.15,0.8,1.4,True,False,1.02,NG,OK,OK,OK,0.02,41.3,3420,地合い別,,0,3654.0,3393.0
4641,アルプス技研,プライム,サービス業,pullback,872.0,0.69,1.27,1.45,0.8,0.86,True,False,-0.46,NG,OK,OK,OK,0.02,41.3,3420,地合い別,,0,915.6,850.2
7388,ＦＰパートナー,プライム,保険業,pullback,2327.0,0.56,1.1,1.23,0.8,0.81,True,False,-0.34,NG,OK,OK,OK,0.02,41.3,3420,地合い別,-2.7,1,2443.3,2268.8
2211,不二家,プライム,食料品,pullback,2526.0,0.52,1.31,0.94,0.7,0.94,True,False,0.88,NG,OK,OK,OK,0.02,41.3,3420,地合い別,,0,2652.3,2462.8
7482,シモジマ,プライム,卸売業,pullback,1527.0,0.73,1.07,2.41,0.7,0.48,True,False,1.06,NG,OK,OK,OK,0.02,41.3,3420,地合い別,,0,1603.4,1488.8
7508,Ｇ‐７ホールディングス,プライム,小売業,pullback,1450.0,0.76,1.04,1.22,0.7,0.77,True,False,0.14,NG,OK,OK,OK,0.02,41.3,3420,地合い別,,0,1522.5,1413.8
9081,神奈川中央交通,プライム,陸運業,pullback,4095.0,1.87,1.18,1.46,0.7,2.32,True,False,1.24,NG,OK,OK,OK,0.02,41.3,3420,地合い別,,0,4299.8,3992.6
2117,ウェルネオシュガー,プライム,食料品,pullback,2880.0,2.13,1.18,0.95,0.6,1.39,True,False,1.44,NG,OK,OK,OK,0.02,41.3,3420,地合い別,,0,3024.0,2808.0
2908,フジッコ,プライム,食料品,pullback,1647.0,1.35,1.64,0.87,0.6,1.34,True,False,1.1,NG,OK,OK,OK,0.02,41.3,3420,地合い別,,0,1729.4,1605.8
5071,ヴィス,スタンダード,サービス業,pullback,1405.0,-3.5,14.65,2.65,0.6,0.79,True,False,0.29,NG,NG,OK,OK,0.02,41.3,3420,地合い別,,0,1475.2,1369.9
7305,新家工業,スタンダード,鉄鋼,pullback,2773.0,0.62,3.07,1.11,0.6,0.68,True,False,-0.75,NG,OK,OK,OK,0.02,41.3,3420,地合い別,,0,2911.7,2703.7
8217,オークワ,プライム,小売業,pullback,803.0,0.0,1.06,1.09,0.6,0.1,True,False,0.25,NG,OK,OK,OK,0.02,41.3,3420,地合い別,,0,843.2,782.9
8793,ＮＥＣキャピタルソリューション,プライム,その他金融業,pullback,4285.0,1.78,1.08,1.18,0.6,1.66,True,False,1.78,NG,OK,OK,OK,0.02,41.3,3420,地合い別,,0,4499.2,4177.9
1904,大成温調,スタンダード,建設業,pullback,5160.0,0.19,1.24,1.22,0.5,0.93,True,False,0.58,NG,OK,OK,OK,0.02,41.3,3420,地合い別,,0,5418.0,5031.0
2335,キューブシステム,プライム,情報・通信業,pullback,1101.0,0.46,1.49,0.88,0.5,0.21,True,False,-0.36,NG,OK,OK,OK,0.02,41.3,3420,地合い別,,0,1156.0,1073.5
2735,ワッツ,スタンダード,小売業,pullback,722.0,0.98,1.28,2.29,0.5,1.62,True,False,0.7,NG,OK,OK,OK,0.02,41.3,3420,地合い別,,0,758.1,703.9
4362,日本精化,プライム,化学,pullback,2708.0,2.38,1.95,1.3,0.5,0.55,True,False,0.71,NG,OK,OK,OK,0.02,41.3,3420,地合い別,,0,2843.4,2640.3
4767,テー・オー・ダブリュー,スタンダード,サービス業,pullback,395.0,1.8,1.43,1.7,0.5,1.46,True,False,1.54,NG,OK,OK,OK,0.02,41.3,3420,地合い別,,0,414.8,385.1
4820,イーエムシステムズ,プライム,情報・通信業,pullback,596.0,1.88,1.87,1.62,0.5,0.08,True,False,-0.5,NG,OK,OK,OK,0.02,41.3,3420,地合い別,,0,625.8,581.1
4951,エステー,プライム,化学,pullback,1539.0,0.52,2.56,0.89,0.5,0.79,True,False,0.39,NG,OK,OK,OK,0.02,41.3,3420,地合い別,,0,1616.0,1500.5
5582,グリッド,グロース,情報・通信業,pullback,2134.0,2.99,1.04,3.92,0.5,4.46,True,False,1.47,NG,NG,OK,OK,0.02,41.3,3420,地合い別,,0,2240.7,2080.7
6485,前澤給装工業,スタンダード,機械,pullback,1678.0,3.26,1.43,1.71,0.5,1.18,True,False,1.82,NG,OK,OK,OK,0.02,41.3,3420,地合い別,,0,1761.9,1636.0
1375,ユキグニファクトリー,プライム,水産・農林業,pullback,1177.0,0.43,1.74,0.89,0.4,0.39,True,False,0.17,NG,OK,OK,OK,0.02,41.3,3420,地合い別,,0,1235.9,1147.6
4771,エフアンドエム,スタンダード,サービス業,pullback,2770.0,0.87,1.16,2.92,0.4,1.91,True,False,-1.14,NG,NG,OK,OK,0.02,41.3,3420,地合い別,,0,2908.5,2700.8
4792,山田コンサルティンググループ,プライム,サービス業,pullback,1791.0,0.9,1.03,0.91,0.4,1.22,True,False,0.51,NG,OK,OK,OK,0.02,41.3,3420,地合い別,,0,1880.6,1746.2
7840,フランスベッドホールディングス,プライム,その他製品,pullback,1309.0,0.69,1.07,1.05,0.4,0.83,True,False,0.38,NG,OK,OK,OK,0.02,41.3,3420,地合い別,,0,1374.5,1276.3
9163,ナレルグループ,グロース,サービス業,pullback,2396.0,0.21,1.26,1.16,0.4,1.09,True,False,0.04,NG,OK,OK,OK,0.02,41.3,3420,地合い別,,0,2515.8,2336.1
1828,田辺工業,スタンダード,建設業,pullback,2426.0,-1.22,2.58,1.7,0.3,0.43,True,False,0.04,NG,OK,OK,OK,0.02,41.3,3420,地合い別,,0,2547.3,2365.3
2935,ピックルスホールディングス,プライム,食料品,pullback,1215.0,0.08,1.16,0.96,0.3,1.61,True,False,0.75,NG,OK,OK,OK,0.02,41.3,3420,地合い別,,0,1275.8,1184.6
6050,イー・ガーディアン,プライム,サービス業,pullback,1812.0,0.28,1.76,0.78,0.3,1.04,True,False,0.0,NG,OK,OK,OK,0.02,41.3,3420,地合い別,,0,1902.6,1766.7
6165,パンチ工業,スタンダード,機械,pullback,552.0,3.56,1.09,1.95,0.3,2.08,True,False,0.36,NG,OK,OK,OK,0.02,41.3,3420,地合い別,,0,579.6,538.2
6316,丸山製作所,スタンダード,機械,pullback,2993.0,-0.4,1.18,2.44,0.3,0.42,True,False,-0.03,NG,OK,OK,OK,0.02,41.3,3420,地合い別,,0,3142.7,2918.2
9514,エフオン,スタンダード,電気・ガス業,pullback,347.0,2.97,1.42,2.68,0.3,0.67,True,False,1.76,NG,NG,OK,OK,0.02,41.3,3420,地合い別,,0,364.4,338.3
2573,北海道コカ・コーラボトリング,スタンダード,食料品,pullback,4130.0,1.6,1.49,0.77,0.2,1.98,True,False,0.98,NG,OK,OK,OK,0.02,41.3,3420,地合い別,,0,4336.5,4026.8
3640,電算,スタンダード,情報・通信業,pullback,2803.0,-0.25,1.5,1.76,0.2,0.08,True,False,-0.67,NG,OK,OK,OK,0.02,41.3,3420,地合い別,,0,2943.2,2732.9
3772,ウェルス・マネジメント,スタンダード,不動産業,pullback,1106.0,0.73,1.34,0.94,0.2,0.87,True,False,-0.18,NG,OK,OK,OK,0.02,41.3,3420,地合い別,,0,1161.3,1078.3
3951,朝日印刷,スタンダード,パルプ・紙,pullback,911.0,0.55,1.05,0.89,0.2,0.57,True,False,0.22,NG,OK,OK,OK,0.02,41.3,3420,地合い別,,0,956.6,888.2
4442,バルテス・ホールディングス,グロース,情報・通信業,pullback,407.0,1.24,2.4,1.02,0.2,0.55,True,False,0.0,NG,OK,OK,OK,0.02,41.3,3420,地合い別,,0,427.4,396.8
50765,インフロニア・ホールディングス第１回社債型種類株式,プライム,建設業,pullback,4633.0,0.0,1.33,0.18,0.2,0.02,True,False,0.0,NG,OK,OK,OK,0.02,41.3,3420,地合い別,,0,4864.7,4517.2
6151,日東工器,プライム,機械,pullback,1762.0,3.16,1.07,1.41,0.2,1.43,True,False,0.46,NG,OK,OK,OK,0.02,41.3,3420,地合い別,,0,1850.1,1718.0
6257,藤商事,スタンダード,機械,pullback,1018.0,-0.1,1.31,0.93,0.2,0.23,True,False,-0.2,NG,OK,OK,OK,0.02,41.3,3420,地合い別,,0,1068.9,992.5
6384,昭和真空,スタンダード,機械,pullback,1733.0,1.17,1.11,1.77,0.2,1.88,True,False,0.17,NG,OK,OK,OK,0.02,41.3,3420,地合い別,,0,1819.7,1689.7
7068,フィードフォースグループ,グロース,サービス業,pullback,615.0,2.33,1.78,1.81,0.2,1.75,True,False,1.32,NG,OK,OK,OK,0.02,41.3,3420,地合い別,,0,645.8,599.6
7212,エフテック,スタンダード,輸送用機器,pullback,737.0,-0.27,2.03,1.91,0.2,0.01,True,False,-0.94,NG,OK,OK,OK,0.02,41.3,3420,地合い別,,0,773.9,718.6
7638,ＮＥＷ　ＡＲＴ　ＨＯＬＤＩＮＧＳ,スタンダード,小売業,pullback,1425.0,2.0,1.34,0.99,0.2,1.44,True,False,0.42,NG,OK,OK,OK,0.02,41.3,3420,地合い別,,0,1496.2,1389.4
7792,コラントッテ,グロース,その他製品,pullback,1484.0,-0.4,3.13,1.15,0.2,0.5,True,False,-1.26,NG,OK,OK,OK,0.02,41.3,3420,地合い別,,0,1558.2,1446.9
8041,ＯＵＧホールディングス,スタンダード,卸売業,pullback,4615.0,-0.32,1.35,1.08,0.2,0.04,True,False,-0.65,NG,OK,OK,OK,0.02,41.3,3420,地合い別,,0,4845.8,4499.6
8091,ニチモウ,プライム,卸売業,pullback,2448.0,2.6,1.37,1.33,0.2,1.3,True,False,1.16,NG,OK,OK,OK,0.02,41.3,3420,地合い別,,0,2570.4,2386.8
9344,アクシスコンサルティング,グロース,サービス業,pullback,1354.0,3.75,1.01,2.18,0.2,3.55,True,False,0.97,NG,OK,OK,OK,0.02,41.3,3420,地合い別,,0,1421.7,1320.1
1450,ＴＡＮＡＫＥＮ,スタンダード,建設業,pullback,1474.0,0.0,7.15,1.86,0.1,0.16,True,False,-2.38,NG,OK,OK,OK,0.02,41.3,3420,地合い別,,0,1547.7,1437.1
1793,大本組,スタンダード,建設業,pullback,2127.0,1.77,1.04,1.2,0.1,1.46,True,False,0.38,NG,OK,OK,OK,0.02,41.3,3420,地合い別,,0,2233.3,2073.8
2009,鳥越製粉,スタンダード,食料品,pullback,1113.0,0.27,2.92,0.69,0.1,1.13,True,False,-0.18,NG,OK,OK,OK,0.02,41.3,3420,地合い別,,0,1168.7,1085.2
2114,フジ日本,スタンダード,食料品,pullback,673.0,-0.15,2.32,0.88,0.1,0.42,True,False,0.0,NG,OK,OK,OK,0.02,41.3,3420,地合い別,,0,706.6,656.2
2654,アスモ,スタンダード,小売業,pullback,432.0,0.7,1.16,2.18,0.1,0.18,True,False,-0.23,NG,OK,OK,OK,0.02,41.3,3420,地合い別,,0,453.6,421.2
2883,大冷,スタンダード,食料品,pullback,2055.0,0.54,1.61,0.38,0.1,1.06,True,True,0.54,NG,OK,OK,OK,0.02,41.3,3420,地合い別,,0,2157.8,2003.6
2934,ジェイフロンティア,グロース,食料品,pullback,2026.0,1.5,1.13,1.92,0.1,0.94,True,False,-0.64,NG,OK,OK,OK,0.02,41.3,3420,地合い別,,0,2127.3,1975.3
3067,東京一番フーズ,スタンダード,小売業,pullback,464.0,-0.64,3.74,0.85,0.1,0.03,True,False,-0.43,NG,OK,OK,OK,0.02,41.3,3420,地合い別,,0,487.2,452.4
3068,ＷＤＩ,スタンダード,小売業,pullback,3055.0,0.16,4.0,0.58,0.1,0.4,True,False,0.16,NG,OK,OK,OK,0.02,41.3,3420,地合い別,,0,3207.8,2978.6
3113,ＵＮＩＶＡ・Ｏａｋホールディングス,スタンダード,証券、商品先物取引業,pullback,83.0,1.22,1.03,3.27,0.1,1.12,True,False,1.22,NG,NG,OK,OK,0.02,41.3,3420,地合い別,,0,87.2,80.9
3329,東和フードサービス,スタンダード,小売業,pullback,2145.0,0.0,1.23,0.33,0.1,0.41,True,False,-0.09,NG,OK,OK,OK,0.02,41.3,3420,地合い別,,0,2252.2,2091.4
3370,フジタコーポレーション,スタンダード,小売業,pullback,477.0,1.49,1.01,2.22,0.1,0.46,True,False,-2.05,NG,OK,OK,OK,0.02,41.3,3420,地合い別,,0,500.9,465.1
3799,キーウェアソリューションズ,スタンダード,情報・通信業,pullback,1151.0,2.13,2.76,1.15,0.1,2.12,True,False,-0.43,NG,OK,OK,OK,0.02,41.3,3420,地合い別,,0,1208.5,1122.2
3917,アイリッジ,グロース,情報・通信業,pullback,486.0,-0.61,1.23,2.75,0.1,1.49,True,False,-1.62,NG,NG,OK,OK,0.02,41.3,3420,地合い別,,0,510.3,473.8
4245,ダイキアクシス,スタンダード,化学,pullback,718.0,1.56,1.18,1.42,0.1,0.54,True,False,0.28,NG,OK,OK,OK,0.02,41.3,3420,地合い別,,0,753.9,700.0
4262,ニフティライフスタイル,グロース,情報・通信業,pullback,1390.0,-0.22,2.38,0.7,0.1,0.22,True,False,-0.71,NG,OK,OK,OK,0.02,41.3,3420,地合い別,,0,1459.5,1355.2
4270,ＢｅｅＸ,グロース,情報・通信業,pullback,1907.0,0.9,5.11,1.74,0.1,0.52,True,False,0.58,NG,OK,OK,OK,0.02,41.3,3420,地合い別,,0,2002.4,1859.3
4447,ピー・ビーシステムズ,グロース,情報・通信業,pullback,502.0,0.4,1.49,1.31,0.1,0.39,True,False,0.0,NG,OK,OK,OK,0.02,41.3,3420,地合い別,,0,527.1,489.4
4491,コンピューターマネージメント,スタンダード,情報・通信業,pullback,3325.0,0.45,1.44,1.15,0.1,1.03,True,False,1.37,NG,OK,OK,OK,0.02,41.3,3420,地合い別,,0,3491.2,3241.9
5869,早稲田学習研究会,スタンダード,サービス業,pullback,1261.0,0.56,1.15,0.86,0.1,0.37,True,False,0.32,NG,OK,OK,OK,0.02,41.3,3420,地合い別,,0,1324.0,1229.5
5870,ナルネットコミュニケーションズ,グロース,サービス業,pullback,904.0,1.12,1.47,1.68,0.1,0.81,True,False,-0.11,NG,OK,OK,OK,0.02,41.3,3420,地合い別,,0,949.2,881.4
5965,フジマック,スタンダード,金属製品,pullback,1206.0,1.34,1.07,1.69,0.1,0.46,True,False,-0.41,NG,OK,OK,OK,0.02,41.3,3420,地合い別,,0,1266.3,1175.8
6193,バーチャレクス・ホールディングス,グロース,サービス業,pullback,1196.0,-0.25,1.67,2.52,0.1,1.09,True,False,-0.08,NG,NG,OK,OK,0.02,41.3,3420,地合い別,,0,1255.8,1166.1
6848,東亜ディーケーケー,スタンダード,電気機器,pullback,867.0,-0.23,3.65,0.63,0.1,0.04,True,False,0.0,NG,OK,OK,OK,0.02,41.3,3420,地合い別,,0,910.4,845.3
7127,一家ホールディングス,スタンダード,小売業,pullback,712.0,0.42,2.12,0.6,0.1,0.74,True,False,0.14,NG,OK,OK,OK,0.02,41.3,3420,地合い別,,0,747.6,694.2
7291,日本プラスト,スタンダード,輸送用機器,pullback,472.0,1.29,1.87,1.69,0.1,2.28,True,False,1.07,NG,OK,OK,OK,0.02,41.3,3420,地合い別,,0,495.6,460.2
7347,マーキュリアホールディングス,プライム,証券、商品先物取引業,pullback,799.0,0.5,1.73,0.95,0.1,0.43,True,False,-0.12,NG,OK,OK,OK,0.02,41.3,3420,地合い別,,0,839.0,779.0
7481,尾家産業,スタンダード,卸売業,pullback,2621.0,1.59,2.16,1.26,0.1,0.7,True,False,0.38,NG,OK,OK,OK,0.02,41.3,3420,地合い別,,0,2752.1,2555.5
7539,アイナボホールディングス,スタンダード,卸売業,pullback,815.0,0.49,3.66,0.65,0.1,0.71,True,False,-0.24,NG,OK,OK,OK,0.02,41.3,3420,地合い別,,0,855.8,794.6
7640,トップカルチャー,スタンダード,小売業,pullback,193.0,3.21,2.64,2.37,0.1,1.43,True,False,1.58,NG,OK,OK,OK,0.02,41.3,3420,地合い別,,0,202.7,188.2
8023,ＤＡＩＫＯ　ＸＴＥＣＨ,スタンダード,情報・通信業,pullback,1046.0,0.58,2.08,1.55,0.1,0.27,True,False,-0.85,NG,OK,OK,OK,0.02,41.3,3420,地合い別,,0,1098.3,1019.9
8202,ラオックスホールディングス,スタンダード,小売業,pullback,149.0,0.68,3.13,1.01,0.1,0.76,True,False,0.0,NG,OK,OK,OK,0.02,41.3,3420,地合い別,,0,156.5,145.3
8207,テンアライド,スタンダード,小売業,pullback,302.0,0.33,1.85,0.52,0.1,0.59,True,False,0.33,NG,OK,OK,OK,0.02,41.3,3420,地合い別,,0,317.1,294.4
8260,井筒屋,スタンダード,小売業,pullback,389.0,-0.77,1.26,2.92,0.1,1.81,True,False,0.52,NG,NG,OK,OK,0.02,41.3,3420,地合い別,,0,408.5,379.3
8700,丸八証券,スタンダード,証券、商品先物取引業,pullback,2168.0,2.8,1.68,2.0,0.1,4.51,True,False,1.78,NG,OK,OK,OK,0.02,41.3,3420,地合い別,,0,2276.4,2113.8
9083,神姫バス,スタンダード,陸運業,pullback,1998.0,0.91,2.62,1.25,0.1,0.88,True,False,-1.38,NG,OK,OK,OK,0.02,41.3,3420,地合い別,,0,2097.9,1948.0
9160,オンザページ,スタンダード,サービス業,pullback,336.0,-0.3,1.96,1.57,0.1,1.69,True,False,0.6,NG,OK,OK,OK,0.02,41.3,3420,地合い別,,0,352.8,327.6
9351,東洋埠頭,スタンダード,倉庫・運輸関連業,pullback,1949.0,1.25,4.57,1.07,0.1,1.43,True,False,0.98,NG,OK,OK,OK,0.02,41.3,3420,地合い別,,0,2046.5,1900.3
9687,ＫＳＫ,スタンダード,情報・通信業,pullback,4625.0,0.98,1.6,1.35,0.1,0.39,True,False,-0.22,NG,OK,OK,OK,0.02,41.3,3420,地合い別,,0,4856.2,4509.4
9761,東海リース,スタンダード,サービス業,pullback,2491.0,1.1,1.99,1.3,0.1,1.85,True,False,0.04,NG,OK,OK,OK,0.02,41.3,3420,地合い別,,0,2615.6,2428.7
9780,ハリマビステム,スタンダード,サービス業,pullback,1152.0,2.77,1.06,2.83,0.1,2.31,True,False,1.77,NG,NG,OK,OK,0.02,41.3,3420,地合い別,,0,1209.6,1123.2
1383,ベルグアース,スタンダード,水産・農林業,pullback,3045.0,1.33,1.76,0.76,0.0,1.32,True,False,-0.33,NG,OK,OK,OK,0.02,41.3,3420,地合い別,,0,3197.2,2968.9
138A,光フードサービス,グロース,小売業,pullback,3125.0,1.63,1.54,0.64,0.0,0.54,True,False,0.48,NG,OK,OK,OK,0.02,41.3,3420,地合い別,,0,3281.2,3046.9
2152,幼児活動研究会,スタンダード,サービス業,pullback,1552.0,0.13,6.76,0.89,0.0,0.92,True,False,-0.32,NG,OK,OK,OK,0.02,41.3,3420,地合い別,,0,1629.6,1513.2
2169,ＣＤＳ,スタンダード,サービス業,pullback,1754.0,1.68,1.07,0.63,0.0,1.43,True,False,0.8,NG,OK,OK,OK,0.02,41.3,3420,地合い別,,0,1841.7,1710.1
2185,シイエム・シイ,スタンダード,サービス業,pullback,2005.0,0.5,3.38,0.93,0.0,1.18,True,False,-0.4,NG,OK,OK,OK,0.02,41.3,3420,地合い別,,0,2105.2,1954.9
2300,きょくとう,スタンダード,サービス業,pullback,501.0,1.01,1.19,0.66,0.0,0.96,True,False,0.4,NG,OK,OK,OK,0.02,41.3,3420,地合い別,,0,526.1,488.5
2464,Ａｏｂａ‐ＢＢＴ,スタンダード,サービス業,pullback,379.0,3.55,1.1,2.3,0.0,2.38,True,False,0.8,NG,OK,OK,OK,0.02,41.3,3420,地合い別,,0,397.9,369.5
2493,イーサポートリンク,スタンダード,サービス業,pullback,959.0,1.59,2.11,0.55,0.0,1.23,True,False,0.74,NG,OK,OK,OK,0.02,41.3,3420,地合い別,,0,1007.0,935.0
2769,ヴィレッジヴァンガードコーポレーション,スタンダード,小売業,pullback,928.0,0.32,1.27,0.52,0.0,0.96,True,False,0.32,NG,OK,OK,OK,0.02,41.3,3420,地合い別,,0,974.4,904.8
2789,カルラ,スタンダード,小売業,pullback,486.0,2.32,4.42,0.76,0.0,1.84,True,False,-0.21,NG,OK,OK,OK,0.02,41.3,3420,地合い別,,0,510.3,473.8
2796,ファーマライズホールディングス,スタンダード,小売業,pullback,504.0,-0.2,2.88,1.36,0.0,0.02,True,False,-0.59,NG,OK,OK,OK,0.02,41.3,3420,地合い別,,0,529.2,491.4
2806,ユタカフーズ,スタンダード,食料品,pullback,1917.0,0.31,1.22,1.17,0.0,0.35,True,False,-0.36,NG,OK,OK,OK,0.02,41.3,3420,地合い別,,0,2012.9,1869.1
2816,ダイショー,スタンダード,食料品,pullback,1421.0,0.35,3.29,0.24,0.0,0.38,True,True,0.07,NG,OK,OK,OK,0.02,41.3,3420,地合い別,,0,1492.0,1385.5
2831,はごろもフーズ,スタンダード,食料品,pullback,3750.0,2.18,1.21,0.65,0.0,1.93,True,True,1.63,NG,OK,OK,OK,0.02,41.3,3420,地合い別,,0,3937.5,3656.2
2877,日東ベスト,スタンダード,食料品,pullback,762.0,1.46,1.28,1.06,0.0,1.59,True,False,0.26,NG,OK,OK,OK,0.02,41.3,3420,地合い別,,0,800.1,742.9
2911,旭松食品,スタンダード,食料品,pullback,2275.0,1.02,1.12,0.55,0.0,0.69,True,False,-0.44,NG,OK,OK,OK,0.02,41.3,3420,地合い別,,0,2388.8,2218.1
3058,三洋堂ホールディングス,スタンダード,小売業,pullback,716.0,-0.28,2.99,0.72,0.0,0.96,True,False,-0.42,NG,OK,OK,OK,0.02,41.3,3420,地合い別,,0,751.8,698.1
3157,ジオリーブグループ,スタンダード,卸売業,pullback,1456.0,1.46,4.25,1.13,0.0,1.11,True,False,1.82,NG,OK,OK,OK,0.02,41.3,3420,地合い別,,0,1528.8,1419.6
3190,ホットマン,スタンダード,小売業,pullback,586.0,-0.17,1.7,0.57,0.0,0.33,True,False,0.17,NG,OK,OK,OK,0.02,41.3,3420,地合い別,,0,615.3,571.4
3352,バッファロー,スタンダード,小売業,pullback,1796.0,-0.22,1.85,1.38,0.0,0.37,True,False,-1.75,NG,OK,OK,OK,0.02,41.3,3420,地合い別,,0,1885.8,1751.1
3361,トーエル,スタンダード,小売業,pullback,906.0,-0.44,1.54,1.29,0.0,1.46,True,False,1.68,NG,OK,OK,OK,0.02,41.3,3420,地合い別,,0,951.3,883.4
3375,ＺＯＡ,スタンダード,小売業,pullback,1785.0,-0.28,2.63,1.65,0.0,0.85,True,False,-0.5,NG,OK,OK,OK,0.02,41.3,3420,地合い別,,0,1874.2,1740.4
3426,アトムリビンテック,スタンダード,金属製品,pullback,1298.0,0.46,4.69,0.34,0.0,0.17,True,False,-0.08,NG,OK,OK,OK,0.02,41.3,3420,地合い別,,0,1362.9,1265.5
3494,マリオン,スタンダード,不動産業,pullback,455.0,-0.22,1.24,0.97,0.0,1.59,True,False,1.11,NG,OK,OK,OK,0.02,41.3,3420,地合い別,,0,477.8,443.6
3674,オークファン,グロース,情報・通信業,pullback,339.0,0.0,1.81,1.26,0.0,0.11,True,False,0.0,NG,OK,OK,OK,0.02,41.3,3420,地合い別,,0,355.9,330.5
3768,リスクモンスター,スタンダード,情報・通信業,pullback,571.0,2.15,2.04,1.24,0.0,1.78,True,False,0.35,NG,OK,OK,OK,0.02,41.3,3420,地合い別,,0,599.6,556.7
3800,ユニリタ,スタンダード,情報・通信業,pullback,1980.0,0.41,1.82,0.49,0.0,0.41,True,False,0.05,NG,OK,OK,OK,0.02,41.3,3420,地合い別,,0,2079.0,1930.5
3802,エコミック,スタンダード,情報・通信業,pullback,505.0,0.6,2.05,0.61,0.0,0.68,True,False,-0.39,NG,OK,OK,OK,0.02,41.3,3420,地合い別,,0,530.2,492.4
3948,光ビジネスフォーム,スタンダード,パルプ・紙,pullback,1185.0,0.42,3.54,0.72,0.0,1.18,True,False,0.17,NG,OK,OK,OK,0.02,41.3,3420,地合い別,,0,1244.2,1155.4
4247,ポバール興業,スタンダード,化学,pullback,1399.0,-0.5,1.08,0.55,0.0,0.27,True,False,-0.29,NG,OK,OK,OK,0.02,41.3,3420,地合い別,,0,1469.0,1364.0
4421,ディ・アイ・システム,スタンダード,情報・通信業,pullback,949.0,-0.21,1.58,0.59,0.0,0.36,True,False,0.0,NG,OK,OK,OK,0.02,41.3,3420,地合い別,,0,996.5,925.3
4445,リビン・テクノロジーズ,グロース,情報・通信業,pullback,1960.0,-0.61,2.3,1.61,0.0,2.26,True,False,0.98,NG,OK,OK,OK,0.02,41.3,3420,地合い別,,0,2058.0,1911.0
4486,ユナイトアンドグロウ,グロース,情報・通信業,pullback,691.0,2.52,1.38,1.77,0.0,0.76,True,False,-0.14,NG,OK,OK,OK,0.02,41.3,3420,地合い別,,0,725.6,673.7
4645,市進ホールディングス,スタンダード,サービス業,pullback,439.0,0.23,2.98,0.67,0.0,0.73,True,False,-1.13,NG,OK,OK,OK,0.02,41.3,3420,地合い別,,0,461.0,428.0
4679,田谷,スタンダード,サービス業,pullback,264.0,0.38,2.28,1.22,0.0,0.24,True,False,-1.12,NG,OK,OK,OK,0.02,41.3,3420,地合い別,,0,277.2,257.4
4920,日本色材工業研究所,スタンダード,化学,pullback,1145.0,1.33,2.14,0.78,0.0,1.09,True,False,0.7,NG,OK,OK,OK,0.02,41.3,3420,地合い別,,0,1202.2,1116.4
4926,シーボン,スタンダード,化学,pullback,1250.0,0.32,1.31,0.26,0.0,0.2,True,False,0.0,NG,OK,OK,OK,0.02,41.3,3420,地合い別,,0,1312.5,1218.8
4929,アジュバンホールディングス,スタンダード,化学,pullback,743.0,0.41,1.22,0.49,0.0,0.37,True,False,0.13,NG,OK,OK,OK,0.02,41.3,3420,地合い別,,0,780.1,724.4
5035,ＨＯＵＳＥＩ,グロース,情報・通信業,pullback,375.0,2.46,3.11,1.56,0.0,2.58,True,False,2.18,NG,OK,OK,OK,0.02,41.3,3420,地合い別,,0,393.8,365.6
5279,日本興業,スタンダード,ガラス・土石製品,pullback,1205.0,0.5,3.29,1.13,0.0,0.16,True,False,0.75,NG,OK,OK,OK,0.02,41.3,3420,地合い別,,0,1265.2,1174.9
5571,エキサイトホールディングス,スタンダード,情報・通信業,pullback,1025.0,1.08,1.02,1.3,0.0,0.86,True,False,0.59,NG,OK,OK,OK,0.02,41.3,3420,地合い別,,0,1076.2,999.4
5921,川岸工業,スタンダード,金属製品,pullback,4415.0,-0.79,2.75,0.99,0.0,0.76,True,False,0.0,NG,OK,OK,OK,0.02,41.3,3420,地合い別,,0,4635.8,4304.6
6018,阪神内燃機工業,スタンダード,輸送用機器,pullback,6100.0,4.45,1.81,1.98,0.0,1.84,True,False,2.01,NG,OK,OK,OK,0.02,41.3,3420,地合い別,,0,6405.0,5947.5
6325,タカキタ,スタンダード,機械,pullback,418.0,0.24,1.45,0.87,0.0,0.24,True,False,-0.24,NG,OK,OK,OK,0.02,41.3,3420,地合い別,,0,438.9,407.6
6894,パルステック工業,スタンダード,電気機器,pullback,2169.0,0.0,2.65,1.53,0.0,0.26,True,False,1.12,NG,OK,OK,OK,0.02,41.3,3420,地合い別,,0,2277.5,2114.8
7416,はるやまホールディングス,スタンダード,小売業,pullback,688.0,0.88,5.59,0.57,0.0,0.41,True,False,0.73,NG,OK,OK,OK,0.02,41.3,3420,地合い別,,0,722.4,670.8
7444,ハリマ共和物産,スタンダード,卸売業,pullback,2002.0,1.32,1.09,0.77,0.0,0.82,True,False,0.1,NG,OK,OK,OK,0.02,41.3,3420,地合い別,,0,2102.1,1952.0
7502,プラザホールディングス,スタンダード,サービス業,pullback,1698.0,-0.24,2.17,0.57,0.0,0.39,True,False,0.3,NG,OK,OK,OK,0.02,41.3,3420,地合い別,,0,1782.9,1655.5
7531,清和中央ホールディングス,スタンダード,卸売業,pullback,1320.0,0.08,1.82,0.58,0.0,1.07,True,False,-0.6,NG,OK,OK,OK,0.02,41.3,3420,地合い別,,0,1386.0,1287.0
7555,大田花き,スタンダード,卸売業,pullback,747.0,-0.27,2.0,0.29,0.0,0.12,True,False,0.54,NG,OK,OK,OK,0.02,41.3,3420,地合い別,,0,784.4,728.3
7872,エステールホールディングス,スタンダード,その他製品,pullback,621.0,0.65,1.07,0.45,0.0,0.59,True,False,0.49,NG,OK,OK,OK,0.02,41.3,3420,地合い別,,0,652.1,605.5
7879,ノダ,スタンダード,その他製品,pullback,676.0,0.9,1.91,0.92,0.0,0.48,True,False,-0.15,NG,OK,OK,OK,0.02,41.3,3420,地合い別,,0,709.8,659.1
7916,光村印刷,スタンダード,その他製品,pullback,1915.0,0.79,2.18,1.23,0.0,0.79,True,False,0.26,NG,OK,OK,OK,0.02,41.3,3420,地合い別,,0,2010.8,1867.1
7975,リヒトラブ,スタンダード,その他製品,pullback,1163.0,1.13,1.29,0.99,0.0,0.37,True,False,0.52,NG,OK,OK,OK,0.02,41.3,3420,地合い別,,0,1221.2,1133.9
7997,くろがね工作所,スタンダード,その他製品,pullback,1098.0,1.48,1.06,0.55,0.0,1.45,True,False,0.92,NG,OK,OK,OK,0.02,41.3,3420,地合い別,,0,1152.9,1070.5
8040,東京ソワール,スタンダード,繊維製品,pullback,1047.0,0.87,2.04,0.78,0.0,0.17,True,False,0.1,NG,OK,OK,OK,0.02,41.3,3420,地合い別,,0,1099.4,1020.8
8742,小林洋行,スタンダード,証券、商品先物取引業,pullback,590.0,-4.68,1.29,3.37,0.0,1.47,True,False,-2.64,NG,NG,OK,OK,0.02,41.3,3420,地合い別,,0,619.5,575.2
8898,センチュリー２１・ジャパン,スタンダード,不動産業,pullback,1166.0,3.0,1.01,0.98,0.0,2.46,True,False,0.26,NG,OK,OK,OK,0.02,41.3,3420,地合い別,,0,1224.3,1136.8
8908,毎日コムネット,スタンダード,不動産業,pullback,893.0,1.36,1.39,1.01,0.0,1.12,True,False,-0.11,NG,OK,OK,OK,0.02,41.3,3420,地合い別,,0,937.7,870.7
9057,遠州トラック,スタンダード,陸運業,pullback,3290.0,2.33,1.84,1.24,0.0,1.74,True,False,0.46,NG,OK,OK,OK,0.02,41.3,3420,地合い別,,0,3454.5,3207.8
9246,プロジェクトホールディングス,グロース,サービス業,pullback,1110.0,-0.63,1.43,1.62,0.0,0.6,True,False,-0.09,NG,OK,OK,OK,0.02,41.3,3420,地合い別,,0,1165.5,1082.2
9342,スマサポ,グロース,サービス業,pullback,971.0,-1.62,1.25,1.71,0.0,0.04,True,False,0.62,NG,OK,OK,OK,0.02,41.3,3420,地合い別,,0,1019.6,946.7
9376,ユーラシア旅行社,スタンダード,サービス業,pullback,850.0,0.59,3.48,1.2,0.0,1.97,True,False,0.24,NG,OK,OK,OK,0.02,41.3,3420,地合い別,,0,892.5,828.8
9419,ワイヤレスゲート,スタンダード,情報・通信業,pullback,298.0,0.34,1.1,1.77,0.0,0.99,True,False,-0.33,NG,OK,OK,OK,0.02,41.3,3420,地合い別,,0,312.9,290.6
9445,フォーバルテレコム,スタンダード,情報・通信業,pullback,542.0,-0.73,2.17,0.84,0.0,0.68,True,False,-0.55,NG,OK,OK,OK,0.02,41.3,3420,地合い別,,0,569.1,528.4
9816,ストライダーズ,スタンダード,不動産業,pullback,255.0,2.82,3.31,4.12,0.0,0.33,True,False,-0.78,NG,NG,OK,OK,0.02,41.3,3420,地合い別,,0,267.8,248.6
9818,大丸エナウィン,スタンダード,卸売業,pullback,1576.0,1.68,2.33,0.68,0.0,1.63,True,False,1.68,NG,OK,OK,OK,0.02,41.3,3420,地合い別,,0,1654.8,1536.6
9849,共同紙販ホールディングス,スタンダード,卸売業,pullback,4540.0,0.67,3.64,0.25,0.0,0.58,True,False,0.0,NG,OK,OK,OK,0.02,41.3,3420,地合い別,,0,4767.0,4426.5
9969,ショクブン,スタンダード,小売業,pullback,238.0,0.85,1.97,0.87,0.0,1.05,True,False,0.0,NG,OK,OK,OK,0.02,41.3,3420,地合い別,,0,249.9,232.0
3905,データセクション,グロース,情報・通信業,breakout,2077.0,37.64,6.15,5.97,78.1,28.67,False,False,14.94,OK,NG,NG,NG,-0.13,38.5,2019,地合い別,,0,2180.8,2025.1
543A,ＡＲＣＨＩＯＮ,プライム,輸送用機器,breakout,294.0,8.49,1.64,2.5,60.2,6.2,True,False,2.8,OK,NG,OK,OK,-0.13,38.5,2019,地合い別,-3.41,2,308.7,286.6
9962,ミスミグループ本社,プライム,卸売業,breakout,3919.0,10.52,1.68,3.19,48.4,7.33,True,False,2.3,OK,NG,NG,OK,-0.13,38.5,2019,地合い別,1.05,2,4114.9,3821.0
2737,トーメンデバイス,プライム,卸売業,breakout,43700.0,18.27,2.08,5.75,47.5,28.56,True,True,9.39,OK,NG,NG,NG,-0.13,38.5,2019,地合い別,,0,45885.0,42607.5
8334,群馬銀行,プライム,銀行業,breakout,3208.0,11.51,1.85,2.88,38.3,12.4,True,True,6.9,OK,NG,NG,NG,-0.13,38.5,2019,地合い別,4.8,1,3368.4,3127.8
8377,ほくほくフィナンシャルグループ,プライム,銀行業,breakout,8815.0,7.03,1.76,3.22,35.0,6.93,True,True,5.47,OK,NG,OK,OK,-0.13,38.5,2019,地合い別,6.38,1,9255.8,8594.6
4716,日本オラクル,スタンダード,情報・通信業,breakout,9890.0,7.07,4.03,2.72,25.0,7.0,True,False,8.15,OK,NG,NG,NG,-0.13,38.5,2019,地合い別,0.66,5,10384.5,9642.8
7327,第四北越フィナンシャルグループ,プライム,銀行業,breakout,2855.0,9.22,2.28,2.66,24.0,10.05,True,True,6.05,OK,NG,NG,NG,-0.13,38.5,2019,地合い別,-1.99,3,2997.8,2783.6
7189,西日本フィナンシャルホールディングス,プライム,銀行業,breakout,5146.0,4.7,1.77,2.81,22.7,6.13,True,True,4.74,OK,NG,OK,OK,-0.13,38.5,2019,地合い別,-0.2,3,5403.3,5017.3
7173,東京きらぼしフィナンシャルグループ,プライム,銀行業,breakout,1787.0,5.18,1.56,2.59,19.5,5.16,True,False,4.99,OK,NG,OK,OK,-0.13,38.5,2019,地合い別,5.26,2,1876.4,1742.3
7180,九州フィナンシャルグループ,プライム,銀行業,breakout,1745.0,8.25,1.93,2.76,19.5,9.75,True,True,6.08,OK,NG,NG,NG,-0.13,38.5,2019,地合い別,-0.2,3,1832.2,1701.4
7459,メディパルホールディングス,プライム,卸売業,breakout,3161.0,8.12,1.9,2.26,18.0,7.88,True,True,1.25,OK,OK,NG,OK,-0.13,38.5,2019,地合い別,-1.46,5,3319.1,3082.0
8343,秋田銀行,プライム,銀行業,breakout,10250.0,10.69,1.76,4.29,14.7,13.22,True,True,8.01,OK,NG,NG,NG,-0.13,38.5,2019,地合い別,,0,10762.5,9993.8
8361,大垣共立銀行,プライム,銀行業,breakout,8850.0,7.53,1.78,3.19,14.0,8.24,True,True,4.73,OK,NG,NG,OK,-0.13,38.5,2019,地合い別,,0,9292.5,8628.8
5832,ちゅうぎんフィナンシャルグループ,プライム,銀行業,breakout,3794.0,5.68,1.73,2.59,13.9,7.5,True,True,3.89,OK,NG,NG,OK,-0.13,38.5,2019,地合い別,2.28,3,3983.7,3699.2
8338,筑波銀行,プライム,銀行業,breakout,788.0,7.07,2.04,4.37,13.8,6.97,True,False,8.54,OK,NG,OK,NG,-0.13,38.5,2019,地合い別,,0,827.4,768.3
7380,十六フィナンシャルグループ,プライム,銀行業,breakout,2849.0,8.87,2.38,3.19,12.1,8.92,True,True,5.17,OK,NG,NG,OK,-0.13,38.5,2019,地合い別,4.8,1,2991.5,2777.8
8345,岩手銀行,プライム,銀行業,breakout,2907.0,10.03,1.76,3.75,10.2,13.85,True,True,6.13,OK,NG,NG,NG,-0.13,38.5,2019,地合い別,,0,3052.3,2834.3
8387,四国銀行,プライム,銀行業,breakout,4635.0,13.33,2.77,4.35,9.8,21.19,True,True,6.06,OK,NG,NG,NG,-0.13,38.5,2019,地合い別,,0,4866.8,4519.1
8362,福井銀行,プライム,銀行業,breakout,8180.0,7.92,2.46,5.24,9.6,12.96,True,True,5.28,OK,NG,NG,OK,-0.13,38.5,2019,地合い別,,0,8589.0,7975.5
8344,山形銀行,プライム,銀行業,breakout,5680.0,15.56,1.79,4.53,9.5,19.77,True,True,8.4,OK,NG,NG,NG,-0.13,38.5,2019,地合い別,,0,5964.0,5538.0
8346,東邦銀行,プライム,銀行業,breakout,1097.0,8.72,2.2,3.24,9.5,10.63,True,True,8.51,OK,NG,NG,NG,-0.13,38.5,2019,地合い別,,0,1151.9,1069.6
8714,池田泉州ホールディングス,プライム,銀行業,breakout,1139.0,4.21,2.15,2.6,9.0,5.47,True,True,4.5,OK,NG,OK,OK,-0.13,38.5,2019,地合い別,-0.2,3,1196.0,1110.5
8393,宮崎銀行,プライム,銀行業,breakout,2955.0,9.77,2.09,3.48,8.0,13.32,True,True,7.3,OK,NG,NG,NG,-0.13,38.5,2019,地合い別,,0,3102.8,2881.1
8544,京葉銀行,プライム,銀行業,breakout,3010.0,5.87,1.76,3.19,8.0,7.19,True,True,6.06,OK,NG,NG,NG,-0.13,38.5,2019,地合い別,,0,3160.5,2934.8
7552,ハピネット,プライム,卸売業,breakout,4290.0,10.0,1.85,2.95,7.0,12.35,True,True,2.39,OK,NG,NG,OK,-0.13,38.5,2019,地合い別,,0,4504.5,4182.8
8550,栃木銀行,プライム,銀行業,breakout,1208.0,10.62,2.5,3.83,7.0,11.47,True,True,7.95,OK,NG,NG,NG,-0.13,38.5,2019,地合い別,,0,1268.4,1177.8
5310,東洋炭素,プライム,ガラス・土石製品,breakout,7590.0,8.43,1.52,3.63,6.7,8.39,True,False,1.47,OK,NG,NG,OK,-0.13,38.5,2019,地合い別,6.06,1,7969.5,7400.2
8154,加賀電子,プライム,卸売業,breakout,5420.0,10.27,2.74,2.61,5.9,9.34,True,True,5.86,OK,NG,NG,OK,-0.13,38.5,2019,地合い別,,0,5691.0,5284.5
8541,愛媛銀行,プライム,銀行業,breakout,3700.0,12.12,2.5,3.72,5.8,14.29,True,True,6.63,OK,NG,NG,NG,-0.13,38.5,2019,地合い別,,0,3885.0,3607.5
8600,トモニホールディングス,プライム,銀行業,breakout,1226.0,6.7,1.85,2.63,5.8,8.61,True,True,3.9,OK,NG,NG,OK,-0.13,38.5,2019,地合い別,,0,1287.3,1195.3
2760,東京エレクトロン　デバイス,プライム,卸売業,breakout,4610.0,12.71,1.53,3.3,5.5,11.71,True,False,2.33,OK,NG,NG,OK,-0.13,38.5,2019,地合い別,,0,4840.5,4494.8
7384,プロクレアホールディングス,プライム,銀行業,breakout,5630.0,9.11,1.74,3.96,5.3,15.51,True,True,4.26,OK,NG,NG,OK,-0.13,38.5,2019,地合い別,,0,5911.5,5489.2
4665,ダスキン,プライム,サービス業,breakout,4772.0,2.71,1.77,1.2,4.9,2.23,True,True,0.74,NG,OK,OK,OK,-0.13,38.5,2019,地合い別,,0,5010.6,4652.7
167A,リョーサン菱洋ホールディングス,プライム,卸売業,breakout,3395.0,4.62,1.8,1.76,4.7,6.07,True,True,1.95,NG,OK,OK,OK,-0.13,38.5,2019,地合い別,0.12,5,3564.8,3310.1
7433,伯東,プライム,卸売業,breakout,5700.0,3.64,1.84,2.09,4.7,6.78,True,True,1.6,NG,OK,OK,OK,-0.13,38.5,2019,地合い別,-2.7,2,5985.0,5557.5
546A,ＭＩＲＡＩＮＩホールディングス,プライム,卸売業,breakout,2642.0,11.48,1.94,3.02,4.6,10.18,True,,2.21,NG,NG,NG,OK,-0.13,38.5,2019,地合い別,,0,2774.1,2575.9
6727,ワコム,プライム,電気機器,breakout,880.0,6.54,2.29,2.6,4.5,7.07,True,False,3.41,NG,NG,NG,OK,-0.13,38.5,2019,地合い別,,0,924.0,858.0
8037,カメイ,プライム,卸売業,breakout,5210.0,8.32,2.06,2.48,3.7,12.35,True,True,0.97,NG,OK,NG,OK,-0.13,38.5,2019,地合い別,,0,5470.5,5079.8
9274,ＫＰＰグループホールディングス,プライム,卸売業,breakout,1176.0,6.72,2.1,2.39,3.6,6.32,True,True,3.34,NG,OK,OK,OK,-0.13,38.5,2019,地合い別,,0,1234.8,1146.6
8395,佐賀銀行,プライム,銀行業,breakout,7080.0,7.6,1.64,3.29,3.3,7.83,True,True,5.36,NG,NG,NG,OK,-0.13,38.5,2019,地合い別,,0,7434.0,6903.0
9997,ベルーナ,プライム,小売業,breakout,1103.0,3.76,2.84,1.49,3.2,3.94,True,False,2.6,NG,OK,OK,OK,-0.13,38.5,2019,地合い別,,0,1158.2,1075.4
6840,ＡＫＩＢＡホールディングス,スタンダード,電気機器,breakout,905.0,19.87,2.6,5.0,3.1,15.58,True,False,1.8,NG,NG,NG,OK,-0.13,38.5,2019,地合い別,,0,950.2,882.4
9308,乾汽船,スタンダード,海運業,breakout,2428.0,12.98,1.72,2.76,3.1,12.66,True,True,3.1,NG,NG,NG,OK,-0.13,38.5,2019,地合い別,,0,2549.4,2367.3
6277,ホソカワミクロン,プライム,機械,breakout,6680.0,15.57,5.37,3.09,3.0,19.61,True,False,8.97,NG,NG,NG,NG,-0.13,38.5,2019,地合い別,,0,7014.0,6513.0
3131,シンデン・ハイテックス,スタンダード,卸売業,breakout,7950.0,23.45,1.94,5.35,2.7,23.73,True,True,5.3,NG,NG,NG,OK,-0.13,38.5,2019,地合い別,,0,8347.5,7751.2
3040,ソリトンシステムズ,プライム,情報・通信業,breakout,2719.0,15.9,1.84,3.43,2.6,13.9,True,True,1.84,NG,NG,NG,OK,-0.13,38.5,2019,地合い別,,0,2855.0,2651.0
8558,東和銀行,プライム,銀行業,breakout,1585.0,5.67,1.7,3.45,2.5,6.94,True,False,5.88,NG,NG,OK,OK,-0.13,38.5,2019,地合い別,,0,1664.2,1545.4
9324,安田倉庫,プライム,倉庫・運輸関連業,breakout,2798.0,4.29,1.54,2.0,2.5,7.45,True,True,2.94,NG,OK,NG,OK,-0.13,38.5,2019,地合い別,,0,2937.9,2728.0
5121,藤倉コンポジット,プライム,ゴム製品,breakout,3000.0,9.25,3.78,2.27,2.4,9.8,True,True,3.63,NG,OK,NG,OK,-0.13,38.5,2019,地合い別,,0,3150.0,2925.0
9470,学研ホールディングス,プライム,情報・通信業,breakout,1087.0,2.64,2.22,1.27,2.4,4.16,True,False,1.3,NG,OK,OK,OK,-0.13,38.5,2019,地合い別,,0,1141.4,1059.8
6676,ＢＵＦＦＡＬＯ,スタンダード,電気機器,breakout,3535.0,12.58,2.81,2.98,2.2,13.72,True,True,1.73,NG,NG,NG,OK,-0.13,38.5,2019,地合い別,,0,3711.8,3446.6
1822,大豊建設,スタンダード,建設業,breakout,851.0,2.53,1.92,1.21,1.8,3.01,True,False,1.92,NG,OK,OK,OK,-0.13,38.5,2019,地合い別,,0,893.6,829.7
5136,ｔｒｉｐｌａ,グロース,情報・通信業,breakout,2410.0,5.24,1.72,4.34,1.7,17.16,True,True,3.66,NG,NG,NG,OK,-0.13,38.5,2019,地合い別,,0,2530.5,2349.8
5195,バンドー化学,プライム,ゴム製品,breakout,2527.0,3.52,1.6,1.89,1.6,3.08,True,False,2.6,NG,OK,OK,OK,-0.13,38.5,2019,地合い別,,0,2653.3,2463.8
6418,日本金銭機械,プライム,機械,breakout,1294.0,4.69,2.15,2.16,1.6,4.61,True,False,2.05,NG,OK,OK,OK,-0.13,38.5,2019,地合い別,,0,1358.7,1261.6
7510,たけびし,プライム,卸売業,breakout,2900.0,7.57,2.21,1.93,1.5,5.74,True,False,3.24,NG,OK,OK,OK,-0.13,38.5,2019,地合い別,,0,3045.0,2827.5
8103,明和産業,プライム,卸売業,breakout,1018.0,3.46,2.27,1.6,1.5,4.5,True,True,2.11,NG,OK,OK,OK,-0.13,38.5,2019,地合い別,,0,1068.9,992.5
8159,立花エレテック,プライム,卸売業,breakout,4410.0,8.35,1.65,2.62,1.5,8.08,True,True,2.8,NG,NG,NG,OK,-0.13,38.5,2019,地合い別,,0,4630.5,4299.8
3179,シュッピン,プライム,小売業,breakout,1308.0,7.92,2.55,2.62,1.3,7.58,True,False,1.08,NG,NG,NG,OK,-0.13,38.5,2019,地合い別,,0,1373.4,1275.3
4436,ミンカブ・ジ・インフォノイド,グロース,情報・通信業,breakout,715.0,71.05,100.29,4.81,1.3,58.73,True,True,2.14,NG,NG,NG,OK,-0.13,38.5,2019,地合い別,,0,750.8,697.1
6333,ＴＥＩＫＯＫＵ,プライム,機械,breakout,3605.0,4.49,2.7,2.31,1.3,5.03,True,True,0.98,NG,OK,OK,OK,-0.13,38.5,2019,地合い別,,0,3785.2,3514.9
7256,河西工業,スタンダード,輸送用機器,breakout,565.0,30.48,3.94,4.85,1.3,28.0,True,True,9.71,NG,NG,NG,NG,-0.13,38.5,2019,地合い別,,0,593.2,550.9
3374,内外テック,スタンダード,卸売業,breakout,4600.0,18.71,1.89,3.55,1.2,12.25,True,False,3.49,NG,NG,NG,OK,-0.13,38.5,2019,地合い別,,0,4830.0,4485.0
556A,犬猫生活,グロース,小売業,breakout,2900.0,22.93,2.72,4.32,1.1,24.3,True,,9.43,NG,NG,NG,NG,-0.13,38.5,2019,地合い別,,0,3045.0,2827.5
8364,清水銀行,プライム,銀行業,breakout,3280.0,4.46,1.51,3.46,1.1,4.35,True,False,5.81,NG,NG,OK,OK,-0.13,38.5,2019,地合い別,,0,3444.0,3198.0
4100,戸田工業,スタンダード,化学,breakout,1916.0,17.33,2.05,4.2,1.0,18.36,True,False,3.29,NG,NG,NG,OK,-0.13,38.5,2019,地合い別,,0,2011.8,1868.1
9658,ビジネスブレイン太田昭和,プライム,情報・通信業,breakout,1144.0,3.91,1.51,1.69,1.0,5.18,True,False,2.42,NG,OK,OK,OK,-0.13,38.5,2019,地合い別,,0,1201.2,1115.4
5532,リアルゲイト,グロース,不動産業,breakout,3675.0,5.76,2.98,3.04,0.8,6.15,True,False,3.67,NG,NG,OK,OK,-0.13,38.5,2019,地合い別,,0,3858.8,3583.1
6904,原田工業,スタンダード,電気機器,breakout,885.0,39.37,9.51,5.14,0.8,43.89,True,True,18.16,NG,NG,NG,NG,-0.13,38.5,2019,地合い別,,0,929.2,862.9
6599,エブレン,スタンダード,電気機器,breakout,4420.0,14.81,2.93,4.52,0.4,20.91,True,True,2.08,NG,NG,NG,OK,-0.13,38.5,2019,地合い別,,0,4641.0,4309.5
5363,東京窯業,スタンダード,ガラス・土石製品,breakout,725.0,6.62,2.18,1.27,0.3,5.17,True,False,2.55,NG,OK,OK,OK,-0.13,38.5,2019,地合い別,,0,761.2,706.9
9212,Ｇｒｅｅｎ　Ｅａｒｔｈ　Ｉｎｓｔｉｔｕｔｅ,グロース,サービス業,breakout,313.0,17.67,6.01,4.61,0.3,14.38,True,False,2.29,NG,NG,NG,OK,-0.13,38.5,2019,地合い別,,0,328.7,305.2
1848,富士ピー・エス,スタンダード,建設業,breakout,872.0,8.86,2.85,2.63,0.2,13.99,True,True,1.28,NG,NG,NG,OK,-0.13,38.5,2019,地合い別,,0,915.6,850.2
410A,ＧＭＯコマース,グロース,サービス業,breakout,1280.0,13.27,27.54,2.31,0.2,12.25,True,False,13.48,NG,OK,NG,NG,-0.13,38.5,2019,地合い別,,0,1344.0,1248.0
5256,Ｆｕｓｉｃ,グロース,情報・通信業,breakout,3535.0,29.39,6.74,4.0,0.2,29.06,True,False,8.77,NG,NG,NG,NG,-0.13,38.5,2019,地合い別,,0,3711.8,3446.6
5942,日本フイルコン,スタンダード,金属製品,breakout,668.0,4.7,4.13,1.38,0.2,4.29,True,False,1.98,NG,OK,OK,OK,-0.13,38.5,2019,地合い別,,0,701.4,651.3
9312,ケイヒン,スタンダード,倉庫・運輸関連業,breakout,3050.0,7.62,4.31,1.44,0.2,6.39,True,False,2.07,NG,OK,OK,OK,-0.13,38.5,2019,地合い別,,0,3202.5,2973.8
9765,オオバ,プライム,サービス業,breakout,1207.0,2.55,3.13,0.93,0.2,2.64,True,False,1.17,NG,OK,OK,OK,-0.13,38.5,2019,地合い別,,0,1267.4,1176.8
1401,エムビーエス,グロース,建設業,breakout,1449.0,8.54,6.78,2.13,0.1,9.21,True,False,5.38,NG,OK,NG,OK,-0.13,38.5,2019,地合い別,,0,1521.5,1412.8
2173,博展,グロース,サービス業,breakout,771.0,8.29,2.66,1.7,0.1,6.82,True,False,1.05,NG,OK,OK,OK,-0.13,38.5,2019,地合い別,,0,809.6,751.7
2224,コモ,スタンダード,食料品,breakout,3770.0,1.48,2.36,0.68,0.1,1.78,True,False,1.07,NG,OK,OK,OK,-0.13,38.5,2019,地合い別,,0,3958.5,3675.8
2778,パレモ・ホールディングス,スタンダード,小売業,breakout,121.0,4.31,4.89,2.36,0.1,5.58,True,False,7.08,NG,OK,OK,NG,-0.13,38.5,2019,地合い別,,0,127.1,118.0
2937,サンクゼール,グロース,食料品,breakout,1790.0,1.7,4.46,0.49,0.1,1.85,True,False,1.02,NG,OK,OK,OK,-0.13,38.5,2019,地合い別,,0,1879.5,1745.2
3177,ありがとうサービス,スタンダード,小売業,breakout,4750.0,8.7,1.63,2.38,0.1,8.57,True,True,3.94,NG,OK,NG,OK,-0.13,38.5,2019,地合い別,,0,4987.5,4631.2
3625,テックファームホールディングス,グロース,情報・通信業,breakout,719.0,5.74,3.32,2.81,0.1,8.06,True,False,5.74,NG,NG,NG,OK,-0.13,38.5,2019,地合い別,,0,755.0,701.0
3803,イメージ情報開発,グロース,情報・通信業,breakout,707.0,20.65,11.32,4.57,0.1,18.93,True,False,16.47,NG,NG,NG,NG,-0.13,38.5,2019,地合い別,,0,742.4,689.3
4193,ファブリカホールディングス,スタンダード,情報・通信業,breakout,2190.0,1.34,2.56,0.71,0.1,1.36,False,False,0.46,NG,OK,OK,OK,-0.13,38.5,2019,地合い別,,0,2299.5,2135.2
4241,アテクト,スタンダード,化学,breakout,756.0,16.31,2.03,3.02,0.1,13.21,True,False,4.13,NG,NG,NG,OK,-0.13,38.5,2019,地合い別,,0,793.8,737.1
4439,東名,スタンダード,情報・通信業,breakout,829.0,3.5,1.8,1.34,0.1,5.63,True,False,2.47,NG,OK,OK,OK,-0.13,38.5,2019,地合い別,,0,870.5,808.3
4772,ＳＭ　ＥＮＴＥＲＴＡＩＮＭＥＮＴ　ＪＡＰＡＮ,グロース,情報・通信業,breakout,74.0,2.78,2.78,2.51,0.1,3.18,True,False,2.78,NG,NG,OK,OK,-0.13,38.5,2019,地合い別,,0,77.7,72.1
5368,日本インシュレーション,スタンダード,ガラス・土石製品,breakout,1053.0,5.51,3.88,1.25,0.1,4.13,True,False,2.63,NG,OK,OK,OK,-0.13,38.5,2019,地合い別,,0,1105.7,1026.7
6400,不二精機,スタンダード,機械,breakout,310.0,7.64,1.81,1.8,0.1,6.75,True,False,1.64,NG,OK,OK,OK,-0.13,38.5,2019,地合い別,,0,325.5,302.2
6554,エスユーエス,グロース,サービス業,breakout,1171.0,5.31,3.9,1.43,0.1,5.39,True,False,1.56,NG,OK,OK,OK,-0.13,38.5,2019,地合い別,,0,1229.5,1141.7
6647,森尾電機,スタンダード,電気機器,breakout,3850.0,8.45,2.35,1.88,0.1,9.99,True,False,1.32,NG,OK,NG,OK,-0.13,38.5,2019,地合い別,,0,4042.5,3753.8
7060,ギークス,スタンダード,サービス業,breakout,611.0,4.62,3.35,1.88,0.1,2.99,True,False,1.5,NG,OK,OK,OK,-0.13,38.5,2019,地合い別,,0,641.6,595.7
7361,ヒューマンクリエイションホールディングス,グロース,サービス業,breakout,1223.0,2.0,3.32,1.08,0.1,2.06,True,False,0.66,NG,OK,OK,OK,-0.13,38.5,2019,地合い別,,0,1284.2,1192.4
7487,小津産業,スタンダード,卸売業,breakout,1874.0,1.74,1.83,0.71,0.1,3.27,True,False,0.21,NG,OK,OK,OK,-0.13,38.5,2019,地合い別,,0,1967.7,1827.1
7567,栄電子,スタンダード,卸売業,breakout,633.0,5.15,2.77,1.68,0.1,3.8,True,False,3.6,NG,OK,OK,OK,-0.13,38.5,2019,地合い別,,0,664.6,617.2
7619,田中商事,スタンダード,卸売業,breakout,1040.0,5.58,10.12,1.17,0.1,6.57,True,True,1.07,NG,OK,OK,OK,-0.13,38.5,2019,地合い別,,0,1092.0,1014.0
7883,サンメッセ,スタンダード,その他製品,breakout,485.0,20.95,74.41,1.78,0.1,19.92,True,True,19.75,NG,OK,NG,NG,-0.13,38.5,2019,地合い別,,0,509.2,472.9
8181,東天紅,スタンダード,小売業,breakout,1010.0,2.43,1.53,1.17,0.1,1.99,True,False,1.81,NG,OK,OK,OK,-0.13,38.5,2019,地合い別,,0,1060.5,984.8
8247,大和,スタンダード,小売業,breakout,370.0,15.62,8.65,3.2,0.1,14.45,True,False,11.45,NG,NG,NG,NG,-0.13,38.5,2019,地合い別,,0,388.5,360.8
8365,富山銀行,スタンダード,銀行業,breakout,2422.0,4.53,2.12,2.21,0.1,2.97,True,False,2.58,NG,OK,OK,OK,-0.13,38.5,2019,地合い別,,0,2543.1,2361.4
9244,デジタリフト,グロース,サービス業,breakout,1573.0,11.96,3.94,2.76,0.1,12.83,True,True,5.43,NG,NG,NG,OK,-0.13,38.5,2019,地合い別,,0,1651.7,1533.7
9265,ヤマシタヘルスケアホールディングス,スタンダード,卸売業,breakout,3790.0,4.7,4.34,1.76,0.1,2.99,True,False,3.41,NG,OK,OK,OK,-0.13,38.5,2019,地合い別,,0,3979.5,3695.2
1444,ニッソウ,グロース,建設業,breakout,2796.0,3.25,4.03,0.88,0.0,4.41,True,False,0.32,NG,OK,OK,OK,-0.13,38.5,2019,地合い別,,0,2935.8,2726.1
2481,タウンニュース社,スタンダード,サービス業,breakout,721.0,5.1,2.91,0.99,0.0,5.9,True,True,2.56,NG,OK,OK,OK,-0.13,38.5,2019,地合い別,,0,757.1,703.0
2795,日本プリメックス,スタンダード,卸売業,breakout,974.0,1.56,2.53,0.78,0.0,1.28,True,False,1.04,NG,OK,OK,OK,-0.13,38.5,2019,地合い別,,0,1022.7,949.6
2907,あじかん,スタンダード,食料品,breakout,1570.0,2.88,3.29,1.03,0.0,2.33,True,False,0.64,NG,OK,OK,OK,-0.13,38.5,2019,地合い別,,0,1648.5,1530.8
303A,ｖｉｓｕｍｏ,グロース,情報・通信業,breakout,612.0,6.99,4.52,2.11,0.0,3.67,True,False,1.32,NG,OK,OK,OK,-0.13,38.5,2019,地合い別,,0,642.6,596.7
304A,フォルシア,グロース,情報・通信業,breakout,2065.0,6.77,7.02,0.94,0.0,5.45,True,False,0.73,NG,OK,OK,OK,-0.13,38.5,2019,地合い別,,0,2168.2,2013.4
3169,ミサワ,スタンダード,小売業,breakout,694.0,2.66,1.87,1.14,0.0,2.71,True,False,0.14,NG,OK,OK,OK,-0.13,38.5,2019,地合い別,,0,728.7,676.6
3583,オーベクス,スタンダード,繊維製品,breakout,1379.0,2.53,2.79,0.69,0.0,3.01,True,False,1.4,NG,OK,OK,OK,-0.13,38.5,2019,地合い別,,0,1448.0,1344.5
3955,イムラ,スタンダード,パルプ・紙,breakout,874.0,1.51,2.11,1.32,0.0,2.66,True,False,0.81,NG,OK,OK,OK,-0.13,38.5,2019,地合い別,,0,917.7,852.1
3985,テモナ,スタンダード,情報・通信業,breakout,200.0,3.63,2.04,1.46,0.0,5.11,True,False,2.04,NG,OK,OK,OK,-0.13,38.5,2019,地合い別,,0,210.0,195.0
4166,かっこ,グロース,情報・通信業,breakout,650.0,5.01,5.18,1.3,0.0,2.89,True,False,1.56,NG,OK,OK,OK,-0.13,38.5,2019,地合い別,,0,682.5,633.8
4409,東邦化学工業,スタンダード,化学,breakout,826.0,5.09,3.65,1.32,0.0,4.82,True,True,2.99,NG,OK,OK,OK,-0.13,38.5,2019,地合い別,,0,867.3,805.4
4524,森下仁丹,スタンダード,医薬品,breakout,2254.0,0.36,2.29,0.29,0.0,0.51,True,False,0.45,NG,OK,OK,OK,-0.13,38.5,2019,地合い別,,0,2366.7,2197.7
6943,ＮＫＫスイッチズ,スタンダード,電気機器,breakout,6100.0,9.91,4.21,1.43,0.0,9.25,True,True,5.17,NG,OK,NG,OK,-0.13,38.5,2019,地合い別,,0,6405.0,5947.5
7021,ニッチツ,スタンダード,機械,breakout,2489.0,9.17,3.64,2.18,0.0,10.75,True,False,3.71,NG,OK,NG,OK,-0.13,38.5,2019,地合い別,,0,2613.5,2426.8
7114,フーディソン,グロース,卸売業,breakout,834.0,5.57,2.52,1.1,0.0,5.92,True,False,0.72,NG,OK,OK,OK,-0.13,38.5,2019,地合い別,,0,875.7,813.1
7372,デコルテ・ホールディングス,グロース,サービス業,breakout,416.0,6.39,2.15,1.73,0.0,5.92,True,False,3.48,NG,OK,OK,OK,-0.13,38.5,2019,地合い別,,0,436.8,405.6
7413,創健社,スタンダード,卸売業,breakout,2950.0,4.61,2.1,1.75,0.0,8.29,True,True,0.34,NG,OK,NG,OK,-0.13,38.5,2019,地合い別,,0,3097.5,2876.2
7634,星医療酸器,スタンダード,卸売業,breakout,5430.0,7.95,3.27,1.14,0.0,5.06,True,False,3.43,NG,OK,OK,OK,-0.13,38.5,2019,地合い別,,0,5701.5,5294.2
7847,グラファイトデザイン,スタンダード,その他製品,breakout,694.0,9.98,3.68,1.56,0.0,7.0,True,True,5.15,NG,OK,NG,OK,-0.13,38.5,2019,地合い別,,0,728.7,676.6
8013,ナイガイ,スタンダード,繊維製品,breakout,383.0,4.36,1.64,1.64,0.0,5.09,True,False,0.79,NG,OK,OK,OK,-0.13,38.5,2019,地合い別,,0,402.2,373.4
9060,日本ロジテム,スタンダード,陸運業,breakout,4195.0,1.33,3.92,0.37,0.0,0.98,False,False,0.84,NG,OK,OK,OK,-0.13,38.5,2019,地合い別,,0,4404.8,4090.1
9330,揚羽,グロース,サービス業,breakout,907.0,1.91,2.99,0.72,0.0,2.59,True,False,0.78,NG,OK,OK,OK,-0.13,38.5,2019,地合い別,,0,952.4,884.3
9365,トレーディア,スタンダード,倉庫・運輸関連業,breakout,1668.0,2.33,2.45,0.8,0.0,1.76,True,False,0.48,NG,OK,OK,OK,-0.13,38.5,2019,地合い別,,0,1751.4,1626.3
9380,東海運,スタンダード,倉庫・運輸関連業,breakout,449.0,2.75,2.56,0.68,0.0,2.53,True,True,1.35,NG,OK,OK,OK,-0.13,38.5,2019,地合い別,,0,471.5,437.8
9895,コンセック,スタンダード,卸売業,breakout,1291.0,1.25,2.08,0.46,0.0,1.33,True,False,0.23,NG,OK,OK,OK,-0.13,38.5,2019,地合い別,,0,1355.5,1258.7
9976,セキチュー,スタンダード,小売業,breakout,1200.0,9.69,3.25,1.42,0.0,10.75,True,False,4.26,NG,OK,NG,OK,-0.13,38.5,2019,地合い別,,0,1260.0,1170.0
