code,date,close,ret1d,ret5d,ret20d,ret60d,rs20,rs60,sma25,sma75,sma75_rising,dev25,near_high,hi52w,lo52w,atr_pct,turn20_oku,lot_yen,vol_trend,contraction,name,market,sector33,score
2492,2026-09-29,713.0,0.0014,-0.0097,0.1785,0.8568,0.1785,0.8218,677.12,546.7318,True,0.053,0.9781,729.0,293.0368,0.0344,24.6579,71300.0,0.8755,0.1878,インフォマート,プライム（内国株式）,サービス業,0.8607
8346,2026-09-29,1100.0,-0.005,0.0753,0.1294,0.4175,0.1294,0.3826,1002.7467,901.4356,True,0.097,0.9801,1122.3401,404.5427,0.0324,10.9678,110000.0,1.2936,0.4357,東邦銀行,プライム（内国株式）,銀行業,0.8413
7867,2026-09-29,4152.0,0.0217,0.0295,0.1329,0.3032,0.1329,0.2683,3775.8205,3490.5602,True,0.0996,0.9947,4174.0,2496.0,0.0271,25.7786,415200.0,1.4287,0.5766,タカラトミー,プライム（内国株式）,その他製品,0.838
4849,2026-09-29,1761.0,0.0063,0.0132,0.0608,0.5502,0.0608,0.5153,1662.52,1390.8933,True,0.0592,0.9949,1770.0,1056.9549,0.0303,5.8252,176100.0,1.4696,0.3922,エン,プライム（内国株式）,サービス業,0.8298
7327,2026-09-29,2791.0,-0.0124,0.0516,0.0962,0.3103,0.0962,0.2754,2621.7433,2382.0344,True,0.0646,0.9804,2846.7069,1281.4594,0.0264,26.0064,279100.0,1.3354,0.4319,第四北越フィナンシャルグループ,プライム（内国株式）,銀行業,0.8112
3762,2026-09-29,2482.0,0.0016,-0.0244,0.0598,0.4506,0.0598,0.4157,2429.8592,2113.8064,True,0.0215,0.9703,2558.0,1610.748,0.0275,6.2407,248200.0,1.2206,0.3089,テクマトリックス,プライム（内国株式）,情報・通信業,0.7847
8600,2026-09-29,1192.0,-0.0181,0.0179,0.0856,0.3576,0.0856,0.3227,1137.1054,1018.3685,True,0.0483,0.9779,1218.939,624.3149,0.0258,6.0388,119200.0,1.0378,0.3767,トモニホールディングス,プライム（内国株式）,銀行業,0.7839
8334,2026-09-29,3087.0,-0.0246,0.0572,0.1098,0.3178,0.1098,0.2829,2888.7636,2625.0812,True,0.0686,0.9672,3191.7047,1483.4027,0.0306,41.4999,308700.0,1.4885,0.4452,群馬銀行,プライム（内国株式）,銀行業,0.7835
8154,2026-09-29,5600.0,0.0072,0.0959,0.1155,0.3317,0.1155,0.2968,5007.9581,4661.0527,True,0.1182,0.9777,5727.8863,3281.1939,0.0296,7.5044,560000.0,1.1718,0.6597,加賀電子,プライム（内国株式）,卸売業,0.7814
7381,2026-09-29,1367.0,-0.0257,0.0263,0.0858,0.3402,0.0858,0.3053,1288.6601,1157.5,True,0.0608,0.9682,1411.9048,596.5769,0.0324,6.0608,136700.0,1.1508,0.3342,ＣＣＩグループ,プライム（内国株式）,銀行業,0.781
8368,2026-09-29,2573.0,-0.0119,0.0358,0.0857,0.3002,0.0857,0.2652,2407.2992,2168.5797,True,0.0688,0.984,2614.912,837.4884,0.0313,20.0843,257300.0,1.086,0.3987,百五銀行,プライム（内国株式）,銀行業,0.7719
7976,2026-09-29,3445.0,0.0192,0.0439,0.1314,0.2764,0.1314,0.2415,3175.72,2850.7978,True,0.0848,0.9957,3460.0,1961.5361,0.0216,3.258,344500.0,0.9466,0.4779,三菱鉛筆,プライム（内国株式）,その他製品,0.7558
6460,2026-09-29,3269.0,0.0025,-0.0139,0.0839,0.4809,0.0839,0.4459,3155.2568,2695.5856,True,0.036,0.9553,3422.0,2078.0,0.0282,34.0777,326900.0,1.1023,0.335,セガサミーホールディングス,プライム（内国株式）,機械,0.7525
8395,2026-09-29,6910.0,-0.005,0.0344,0.0614,0.3112,0.0614,0.2763,6599.8629,5965.2876,True,0.047,0.9823,7034.2929,2891.1988,0.0332,3.3761,691000.0,0.9143,0.3161,佐賀銀行,プライム（内国株式）,銀行業,0.7347
9505,2026-09-29,1109.0,-0.0276,-0.046,0.12,0.276,0.12,0.2411,1068.5145,963.2369,True,0.0379,0.9402,1179.5,782.2,0.0306,12.7804,110900.0,1.3318,0.3949,北陸電力,プライム（内国株式）,電気・ガス業,0.7318
8341,2026-09-29,4087.0,-0.0133,0.0062,0.0509,0.2325,0.0509,0.1976,3977.9884,3660.4361,True,0.0274,0.9705,4211.1321,1830.2526,0.031,30.9247,408700.0,1.3891,0.3091,七十七銀行,プライム（内国株式）,銀行業,0.7264
2531,2026-09-29,2620.5,0.001,0.0372,0.2437,0.1696,0.2437,0.1347,2377.08,2222.94,True,0.1024,0.9672,2709.5,1340.8332,0.0308,15.0983,262050.0,1.166,0.3319,宝ホールディングス,プライム（内国株式）,食料品,0.7198
7380,2026-09-29,2821.0,-0.0174,0.069,0.0943,0.2097,0.0943,0.1748,2642.4135,2478.8845,True,0.0676,0.9718,2902.9444,1020.5043,0.0317,13.8197,282100.0,1.3085,0.4097,十六フィナンシャルグループ,プライム（内国株式）,銀行業,0.7169
7630,2026-09-29,1118.0,0.0108,0.0333,0.1932,0.2872,0.1932,0.2522,1055.3193,950.2633,True,0.0594,0.9387,1191.0,832.8889,0.0214,9.5571,111800.0,1.0078,0.3803,壱番屋,プライム（内国株式）,小売業,0.7128
9697,2026-09-29,4357.0,-0.0011,-0.0169,0.0476,0.4465,0.0476,0.4116,4294.8306,3719.8769,True,0.0145,0.9684,4499.0,2736.0,0.032,114.6777,435700.0,0.916,0.2672,カプコン,プライム（内国株式）,情報・通信業,0.6983
8418,2026-09-29,3431.0,-0.0219,0.0537,0.0864,0.2022,0.0864,0.1673,3243.4313,3078.3771,True,0.0578,0.9691,3540.5546,1616.6484,0.0286,19.7226,343100.0,1.3323,0.446,山口フィナンシャルグループ,プライム（内国株式）,銀行業,0.6955
2175,2026-09-29,2676.0,0.0152,0.0,0.1095,0.1979,0.1095,0.1629,2542.44,2347.4667,True,0.0525,0.9878,2709.0,1239.8793,0.0256,10.4267,267600.0,0.6217,0.3051,エス・エム・エス,プライム（内国株式）,サービス業,0.6884
7180,2026-09-29,1683.0,-0.0229,0.0357,0.0855,0.1712,0.0855,0.1363,1605.1406,1536.3402,True,0.0485,0.969,1736.8418,804.1911,0.0282,21.7662,168300.0,1.238,0.3621,九州フィナンシャルグループ,プライム（内国株式）,銀行業,0.6872
8037,2026-09-29,4835.0,-0.0411,-0.0482,0.0626,0.42,0.0626,0.385,4682.9602,4052.0534,True,0.0325,0.9263,5219.6049,2630.8639,0.0315,3.8214,483500.0,1.6648,0.4991,カメイ,プライム（内国株式）,卸売業,0.6868
5832,2026-09-29,3680.0,-0.02,0.0135,0.0535,0.1952,0.0535,0.1603,3552.729,3356.5097,True,0.0358,0.9734,3780.6516,1988.2636,0.0263,15.0083,368000.0,1.3591,0.3697,ちゅうぎんフィナンシャルグループ,プライム（内国株式）,銀行業,0.6764
7846,2026-09-29,2127.0,-0.0012,-0.0091,0.0444,0.259,0.0444,0.224,2083.84,1875.6966,True,0.0207,0.9802,2170.0,1458.9318,0.0213,8.4998,212700.0,1.1812,0.4284,パイロットコーポレーション,プライム（内国株式）,その他製品,0.6669
8524,2026-09-29,1348.0,-0.0153,0.006,0.0507,0.2101,0.0507,0.1751,1307.0142,1205.0603,True,0.0314,0.9797,1375.9593,656.2496,0.0297,20.3683,134800.0,0.9956,0.3098,北洋銀行,プライム（内国株式）,銀行業,0.6645
7189,2026-09-29,4957.0,-0.0114,-0.0048,0.0416,0.1982,0.0416,0.1633,4873.42,4516.8867,True,0.0172,0.9731,5094.0,2275.5932,0.0279,23.4465,495700.0,1.1979,0.2991,西日本フィナンシャルホールディングス,プライム（内国株式）,銀行業,0.657
8386,2026-09-29,3220.0,-0.0108,0.0404,0.0438,0.2603,0.0438,0.2254,3089.8979,2848.1793,True,0.0421,0.9788,3289.6277,1177.7328,0.0302,8.7734,322000.0,0.9442,0.3629,百十四銀行,プライム（内国株式）,銀行業,0.6421
7181,2026-09-29,1776.0,-0.0188,-0.0207,0.0641,0.1634,0.0641,0.1285,1731.9524,1668.1508,True,0.0254,0.9684,1834.0,1276.0347,0.0235,41.4535,177600.0,0.9715,0.295,かんぽ生命保険,プライム（内国株式）,保険業,0.6306
2782,2026-09-29,4630.0,0.0043,-0.0324,0.0451,0.2737,0.0451,0.2388,4581.3759,4059.8586,True,0.0106,0.9439,4905.0,2862.126,0.0293,16.1032,463000.0,0.9366,0.2618,セリア,スタンダード（内国株式）,小売業,0.6161
8367,2026-09-29,2043.0,-0.0183,0.02,0.063,0.1588,0.063,0.1239,1961.1064,1868.7555,True,0.0418,0.9762,2092.8407,910.0807,0.0291,8.9326,204300.0,0.9664,0.37,南都銀行,プライム（内国株式）,銀行業,0.6124
8366,2026-09-29,2995.0,-0.0116,0.0328,0.084,0.1497,0.084,0.1148,2841.6343,2654.0648,True,0.054,0.9804,3054.7954,1186.695,0.0296,17.9164,299500.0,0.7309,0.3057,滋賀銀行,プライム（内国株式）,銀行業,0.6054
4768,2026-09-29,3651.0,0.0063,0.0014,0.0256,0.3164,0.0256,0.2815,3587.6,3224.5106,True,0.0177,0.9894,3690.0,2643.3234,0.0196,43.1985,365100.0,0.8637,0.3207,大塚商会,プライム（内国株式）,情報・通信業,0.605
6810,2026-09-29,2585.0,0.0004,0.0189,0.056,0.2136,0.056,0.1787,2512.7737,2309.7646,True,0.0287,0.9682,2670.0,1871.0,0.0292,6.7924,258500.0,0.6282,0.2813,マクセル,プライム（内国株式）,電気機器,0.5868
8522,2026-09-29,7310.0,-0.0095,0.0167,0.0354,0.2286,0.0354,0.1936,7129.3872,6625.2624,True,0.0253,0.976,7490.0,3200.7375,0.0303,8.0827,731000.0,0.8382,0.2666,名古屋銀行,プライム（内国株式）,銀行業,0.5839
8876,2026-09-29,2271.0,-0.0042,0.0053,0.0509,0.1378,0.0509,0.1029,2216.9107,2071.7102,True,0.0244,0.985,2305.5,1560.292,0.0227,13.9547,227100.0,1.1147,0.3988,リログループ,プライム（内国株式）,サービス業,0.5839
8173,2026-09-29,4445.0,0.0218,0.0386,0.0471,0.131,0.0471,0.0961,4290.3659,3991.3886,True,0.036,0.958,4640.0,2435.5831,0.0265,9.646,444500.0,1.4179,0.304,Ｊｏｓｈｉｎ,プライム（内国株式）,小売業,0.5818
7350,2026-09-29,8050.0,-0.0111,0.0242,0.0321,0.2677,0.0321,0.2328,7806.9311,7259.377,True,0.0311,0.9722,8280.0,3423.8353,0.028,8.9402,805000.0,0.9426,0.3405,おきなわフィナンシャルグループ,プライム（内国株式）,銀行業,0.5781
2121,2026-09-29,3715.0,-0.008,-0.0326,0.0363,0.3724,0.0363,0.3374,3666.5716,3178.5105,True,0.0132,0.9562,3885.0,2449.0,0.0256,13.4869,371500.0,0.8732,0.3361,ＭＩＸＩ,プライム（内国株式）,情報・通信業,0.5698
6702,2026-09-29,3945.0,-0.002,-0.0157,0.0512,0.215,0.0512,0.18,3856.3036,3566.2612,True,0.023,0.8543,4617.9754,3016.0,0.0287,273.0065,394500.0,1.036,0.3017,富士通,プライム（内国株式）,電気機器,0.5661
2146,2026-09-29,239.0,0.0042,-0.0124,0.0346,0.3815,0.0346,0.3466,231.84,200.2767,True,0.0309,0.9835,243.0,163.5952,0.023,10.5664,23900.0,0.7317,0.4545,ＵＴグループ,プライム（内国株式）,サービス業,0.5616
6340,2026-09-29,5510.0,-0.0125,0.011,0.0377,0.2438,0.0377,0.2089,5316.0,4715.4735,True,0.0365,0.9752,5650.0,3016.3558,0.029,3.4991,551000.0,0.8335,0.35,澁谷工業,プライム（内国株式）,機械,0.5616
2810,2026-09-29,4004.0,-0.0047,-0.0045,0.0726,0.0686,0.0726,0.0337,3892.9433,3811.2878,True,0.0285,0.9683,4135.0,2714.5698,0.016,12.2704,400400.0,1.1492,0.3147,ハウス食品グループ本社,プライム（内国株式）,食料品,0.5607
2124,2026-09-29,1042.0,0.001,-0.0086,0.0611,0.2201,0.0611,0.1852,1000.72,934.3745,True,0.0413,0.9759,1067.7617,801.7991,0.0228,4.4327,104200.0,0.7661,0.5171,ジェイエイシーリクルートメント,プライム（内国株式）,サービス業,0.5603
6724,2026-09-29,3261.0,0.0184,0.0284,0.0392,0.2091,0.0392,0.1742,3148.6015,2980.1938,True,0.0357,0.9787,3332.0,1809.8861,0.0276,46.8918,326100.0,0.8645,0.3638,セイコーエプソン,プライム（内国株式）,電気機器,0.5595
8399,2026-09-29,3285.0,-0.0182,-0.0179,0.0155,0.2601,0.0155,0.2251,3247.5633,2963.2544,True,0.0115,0.9563,3435.0,1336.7798,0.0319,5.0735,328500.0,1.2553,0.3002,琉球銀行,プライム（内国株式）,銀行業,0.5541
8336,2026-09-29,2881.0,-0.0177,0.0038,0.0393,0.1464,0.0393,0.1115,2808.1189,2669.173,True,0.026,0.9777,2946.807,1243.7042,0.0251,7.3642,288100.0,0.9517,0.3165,武蔵野銀行,プライム（内国株式）,銀行業,0.5479
8359,2026-09-29,2767.0,-0.0223,0.016,0.0389,0.1585,0.0389,0.1235,2704.7459,2576.502,True,0.023,0.9671,2861.1696,1360.0549,0.0291,36.0549,276700.0,1.0195,0.3085,八十二長野銀行,プライム（内国株式）,銀行業,0.5397
8410,2026-09-29,344.0,0.0067,-0.0032,0.0238,0.2225,0.0238,0.1875,339.1923,315.6908,True,0.0142,0.9801,351.0,260.9297,0.0176,13.6483,34400.0,0.76,0.29,セブン銀行,プライム（内国株式）,銀行業,0.5343
4684,2026-09-29,4988.0,0.0097,-0.0241,0.0353,0.3047,0.0353,0.2698,4957.2257,4444.9019,True,0.0062,0.9168,5440.6669,3643.0,0.0256,101.1624,498800.0,0.89,0.283,オービック,プライム（内国株式）,情報・通信業,0.5339
7832,2026-09-29,5631.0,0.0183,-0.0035,0.0034,0.4881,0.0034,0.4532,5542.4544,4697.3781,True,0.016,0.9626,5850.0,3530.0,0.0304,148.5883,563100.0,0.8943,0.2827,バンダイナムコホールディングス,プライム（内国株式）,その他製品,0.5289
8609,2026-09-29,1238.0,-0.0213,-0.0213,0.009,0.2909,0.009,0.256,1224.72,1094.9733,True,0.0108,0.9687,1278.0,618.5301,0.0252,6.2191,123800.0,0.8997,0.244,岡三証券グループ,プライム（内国株式）,証券、商品先物取引業,0.5281
7513,2026-09-29,1485.0,-0.004,0.0263,0.0377,0.1683,0.0377,0.1333,1439.0694,1359.3445,True,0.0319,0.9907,1499.0,1043.5805,0.0207,3.9331,148500.0,0.6042,0.3321,コジマ,プライム（内国株式）,小売業,0.5174
5975,2026-09-29,3310.0,-0.025,-0.0293,0.0425,0.2524,0.0425,0.2174,3304.6058,2952.3353,True,0.0016,0.9169,3610.0,2097.8789,0.0265,3.9088,331000.0,0.8616,0.3358,東プレ,プライム（内国株式）,金属製品,0.5116
8544,2026-09-29,2900.0,-0.0216,0.019,0.0405,0.1708,0.0405,0.1358,2827.4243,2688.4081,True,0.0257,0.9646,3006.5265,1185.7575,0.0319,8.3171,290000.0,0.8035,0.292,京葉銀行,プライム（内国株式）,銀行業,0.5107
6104,2026-09-29,4825.0,0.0255,0.0651,0.0991,0.0722,0.0991,0.0373,4432.3349,4396.445,True,0.0886,0.9333,5170.0,3608.9539,0.0263,7.0743,482500.0,1.2049,0.6113,芝浦機械,プライム（内国株式）,機械,0.4988
2384,2026-09-29,5310.0,-0.0093,0.0251,0.0192,0.2292,0.0192,0.1942,5096.0,4675.6,True,0.042,0.969,5480.0,3242.2887,0.0245,4.3927,531000.0,1.1216,0.5462,ＳＢＳホールディングス,プライム（内国株式）,陸運業,0.4983
9069,2026-09-29,2312.0,-0.0139,-0.0224,0.0294,0.1808,0.0294,0.1459,2276.5645,2155.4748,True,0.0156,0.972,2378.5,1671.5624,0.0175,8.1882,231200.0,0.974,0.3964,センコーグループホールディングス,プライム（内国株式）,陸運業,0.4975
9436,2026-09-29,4235.0,-0.0219,-0.0483,0.038,0.154,0.038,0.119,4221.5808,3956.0603,True,0.0032,0.9401,4505.0,2495.8258,0.0202,6.2598,423500.0,1.3743,0.4086,沖縄セルラー電話,スタンダード（内国株式）,情報・通信業,0.4946
