sector33,n,rs20_med,rs60_med,above_trend,near_high_med
銀行業,79,0.0321,0.1633,0.9747,0.9682
石油・石炭製品,9,0.0145,0.0899,0.8889,0.8634
海運業,11,-0.0015,0.2766,0.7273,0.8758
電気機器,223,-0.0024,-0.0438,0.4529,0.7845
電気・ガス業,27,-0.0076,0.0496,0.5926,0.8382
倉庫・運輸関連業,28,-0.0079,-0.0021,0.6786,0.8953
卸売業,277,-0.0088,0.0227,0.7834,0.8933
情報・通信業,597,-0.0115,0.0439,0.7069,0.7663
空運業,6,-0.0147,-0.0325,0.8333,0.8737
パルプ・紙,23,-0.0155,0.0281,0.8261,0.8871
サービス業,522,-0.0155,0.0058,0.7011,0.8171
その他製品,101,-0.0161,-0.0023,0.6931,0.8621
ゴム製品,16,-0.0166,0.0426,0.9375,0.8836
ガラス・土石製品,48,-0.017,-0.0396,0.5625,0.7904
保険業,14,-0.0171,0.0243,0.5714,0.9035
建設業,137,-0.0181,-0.0302,0.6277,0.7977
金属製品,82,-0.0209,-0.0279,0.7683,0.8775
機械,205,-0.0211,-0.016,0.5707,0.809
食料品,124,-0.0229,-0.0114,0.8145,0.8899
証券、商品先物取引業,37,-0.0233,0.0845,0.8378,0.8923
化学,196,-0.024,-0.004,0.7143,0.8654
輸送用機器,80,-0.0241,0.0,0.6875,0.8386
鉄鋼,36,-0.0269,0.0303,0.75,0.8603
小売業,320,-0.0278,-0.0156,0.7219,0.8672
繊維製品,46,-0.0284,-0.015,0.6304,0.8716
精密機器,52,-0.0316,-0.039,0.5192,0.8089
陸運業,52,-0.0322,-0.0194,0.7308,0.8599
水産・農林業,11,-0.0337,-0.0074,0.7273,0.8691
その他金融業,39,-0.0379,-0.0034,0.7692,0.8783
不動産業,127,-0.0397,-0.0087,0.7165,0.8056
医薬品,79,-0.0426,0.0064,0.5063,0.6722
鉱業,5,-0.048,0.0894,0.8,0.6694
非鉄金属,32,-0.0706,-0.0395,0.4375,0.6511
