setup,exit,n,win%,EV%,med%,avgW%,avgL%,PF,p90%,worst%,hold,月換算%,EV_up,EV_dn,exits
pullback,fixed 5/-2.5/10,5212,42.7,0.27,-2.7,4.41,-2.82,1.17,4.8,-20.1,4.4,1.3,0.32,0.14,"SL:45,TP:33,TIME:13,SL_GAP:9"
pullback,fixed 8/-4/10,5212,48.9,0.69,-0.24,5.48,-3.88,1.35,7.8,-20.1,6.5,2.26,0.74,0.58,"TIME:35,SL:32,TP:24,SL_GAP:9"
pullback,fixed 20/-8/20,5212,54.1,1.7,0.82,8.35,-6.14,1.6,16.4,-20.3,15.9,2.24,1.52,2.13,"TIME:64,SL:20,TP:9,SL_GAP:6"
pullback,trail5 sl-2.5 H20,5212,32.6,0.4,-2.7,6.74,-2.65,1.23,8.1,-20.1,7.9,1.08,0.47,0.24,"SL:44,TRAIL:27,TIME:13,SL_GAP:9,TRAIL_GAP:7"
pullback,trail6 sl-4 H30,5212,37.4,0.58,-2.48,7.75,-3.7,1.25,10.3,-89.3,12.2,1.0,0.72,0.21,"TRAIL:39,SL:30,TIME:13,TRAIL_GAP:10,SL_GAP:7"
pullback,trail8 sl-6 H40,5212,41.1,1.1,-2.02,9.61,-4.84,1.38,13.9,-89.3,19.2,1.2,1.29,0.6,"TRAIL:39,TIME:23,SL:21,TRAIL_GAP:12,SL_GAP:6"
pullback,trail10 sl-5 H40,5212,37.4,1.05,-3.6,10.77,-4.75,1.35,13.9,-89.3,19.7,1.13,1.26,0.54,"SL:35,TIME:28,TRAIL:21,SL_GAP:9,TRAIL_GAP:7"
pullback,atr: sl1.5 trail2.5 H30,5212,37.7,0.67,-2.17,8.61,-4.14,1.26,11.1,-89.3,12.0,1.17,0.58,0.89,"TRAIL:37,SL:32,TRAIL_GAP:11,TIME:11,SL_GAP:9"
pullback,atr: sl2 trail3 H40,5212,39.8,0.92,-2.1,10.02,-5.1,1.3,13.2,-89.3,16.3,1.18,0.82,1.17,"TRAIL:41,SL:26,TIME:14,TRAIL_GAP:11,SL_GAP:7"
pullback,atr: sl2 trail4 H60,5212,39.0,1.38,-2.83,12.23,-5.56,1.41,16.4,-89.3,21.2,1.37,1.28,1.64,"SL:34,TRAIL:29,TIME:18,SL_GAP:10,TRAIL_GAP:8"
pullback,be+3 trail5 sl-2.5 H20,5212,30.2,0.39,-2.7,6.88,-2.41,1.23,7.7,-17.0,7.5,1.08,0.48,0.17,"SL:46,TRAIL:27,TIME:11,SL_GAP:9,TRAIL_GAP:7"
pullback,be+4 trail8 sl-4 H40,5212,29.5,0.7,-1.39,10.05,-3.22,1.31,11.4,-89.3,14.1,1.05,0.85,0.33,"SL:38,TRAIL:31,TIME:13,SL_GAP:9,TRAIL_GAP:9"
pullback,ma10 sl-4 H40,5212,40.5,0.46,-0.88,5.55,-3.01,1.26,7.2,-20.1,7.1,1.35,0.58,0.17,"MA:70,SL:23,SL_GAP:6,TIME:1"
pullback,ma25 sl-6 H60,5212,35.1,0.83,-1.34,8.57,-3.37,1.38,9.4,-20.1,12.2,1.42,0.85,0.78,"MA:80,SL:13,SL_GAP:4,TIME:3"
pullback,tp5 then trail: half,5212,43.1,0.37,-3.2,5.31,-3.38,1.19,7.3,-42.2,10.5,0.73,0.47,0.11,HALF:100
pullback_4flag,fixed 5/-2.5/10,1821,45.5,0.35,-2.04,4.03,-2.72,1.24,4.8,-20.1,5.6,1.3,0.4,0.18,"SL:40,TP:29,TIME:21,SL_GAP:9"
pullback_4flag,fixed 8/-4/10,1821,52.1,0.73,0.24,4.6,-3.47,1.44,7.8,-20.1,7.8,1.97,0.74,0.71,"TIME:51,SL:25,TP:17,SL_GAP:7"
pullback_4flag,fixed 20/-8/20,1821,56.0,1.77,0.87,6.98,-4.87,1.82,12.4,-20.1,17.8,2.09,1.94,1.23,"TIME:79,SL:12,TP:5,SL_GAP:3"
pullback_4flag,trail5 sl-2.5 H20,1821,32.8,0.51,-2.7,6.81,-2.57,1.3,8.4,-20.1,9.7,1.11,0.66,0.06,"SL:41,TRAIL:24,TIME:19,SL_GAP:9,TRAIL_GAP:7"
pullback_4flag,trail6 sl-4 H30,1821,37.2,0.82,-2.1,8.04,-3.47,1.38,11.0,-20.1,15.2,1.13,1.05,0.1,"TRAIL:39,SL:27,TIME:19,TRAIL_GAP:8,SL_GAP:7"
pullback_4flag,trail8 sl-6 H40,1821,40.7,0.91,-2.05,8.86,-4.55,1.34,13.0,-20.1,23.3,0.82,1.33,-0.39,"TRAIL:35,TIME:30,SL:18,TRAIL_GAP:12,SL_GAP:4"
pullback_4flag,trail10 sl-5 H40,1821,37.9,0.82,-3.05,9.51,-4.49,1.29,12.9,-20.1,23.5,0.73,1.26,-0.55,"TIME:35,SL:32,TRAIL:16,SL_GAP:9,TRAIL_GAP:8"
pullback_4flag,atr: sl1.5 trail2.5 H30,1821,35.4,0.47,-1.94,6.33,-2.74,1.27,8.2,-20.1,10.7,0.92,0.62,0.0,"TRAIL:39,SL:34,TRAIL_GAP:13,SL_GAP:8,TIME:6"
pullback_4flag,atr: sl2 trail3 H40,1821,36.9,0.6,-1.9,7.28,-3.31,1.29,9.9,-20.1,14.1,0.89,0.88,-0.29,"TRAIL:46,SL:27,TRAIL_GAP:11,TIME:8,SL_GAP:7"
pullback_4flag,atr: sl2 trail4 H60,1821,35.6,0.59,-2.7,8.24,-3.65,1.25,11.3,-20.1,17.8,0.7,0.94,-0.5,"SL:36,TRAIL:34,TIME:11,SL_GAP:10,TRAIL_GAP:10"
pullback_4flag,be+3 trail5 sl-2.5 H20,1821,30.3,0.48,-2.7,6.84,-2.28,1.31,8.1,-17.0,9.4,1.09,0.65,-0.03,"SL:42,TRAIL:23,TIME:17,SL_GAP:10,TRAIL_GAP:8"
pullback_4flag,be+4 trail8 sl-4 H40,1821,30.0,0.79,-0.69,9.68,-3.02,1.37,11.4,-20.1,17.4,0.95,1.1,-0.17,"SL:35,TRAIL:29,TIME:17,TRAIL_GAP:10,SL_GAP:9"
pullback_4flag,ma10 sl-4 H40,1821,41.7,0.37,-0.55,4.28,-2.43,1.26,6.2,-20.1,7.7,1.01,0.42,0.21,"MA:82,SL:13,SL_GAP:4,TIME:1"
pullback_4flag,ma25 sl-6 H60,1821,34.0,0.56,-1.17,6.58,-2.55,1.33,8.3,-20.1,12.5,0.94,0.75,-0.06,"MA:91,SL:5,TIME:2,SL_GAP:1"
pullback_4flag,tp5 then trail: half,1821,42.6,0.46,-3.2,5.53,-3.29,1.25,7.7,-20.1,13.1,0.74,0.62,-0.03,HALF:100
breakout20,fixed 5/-2.5/10,6883,32.8,-0.29,-2.7,4.79,-2.77,0.85,4.8,-16.4,2.7,-2.19,-0.23,-0.74,"SL:60,TP:29,SL_GAP:6,TIME:6"
breakout20,fixed 8/-4/10,6883,37.9,-0.1,-4.2,6.5,-4.13,0.96,7.8,-24.3,4.4,-0.46,0.04,-1.14,"SL:49,TP:25,TIME:18,SL_GAP:7"
breakout20,fixed 20/-8/20,6883,43.3,0.96,-2.86,11.74,-7.27,1.23,19.8,-24.3,12.4,1.63,1.12,-0.26,"TIME:39,SL:37,TP:16,SL_GAP:8"
breakout20,trail5 sl-2.5 H20,6883,24.4,-0.06,-2.7,8.01,-2.66,0.97,6.9,-18.7,4.7,-0.26,-0.02,-0.34,"SL:59,TRAIL:24,SL_GAP:6,TRAIL_GAP:5,TIME:5"
breakout20,trail6 sl-4 H30,6883,31.1,0.29,-4.2,9.57,-3.9,1.11,10.2,-24.3,7.8,0.79,0.45,-0.9,"SL:44,TRAIL:34,TRAIL_GAP:8,TIME:7,SL_GAP:6"
breakout20,trail8 sl-6 H40,6883,36.1,0.95,-4.04,12.11,-5.35,1.28,15.8,-24.3,13.2,1.51,1.19,-0.88,"TRAIL:37,SL:34,TIME:13,TRAIL_GAP:11,SL_GAP:6"
breakout20,trail10 sl-5 H40,6883,31.4,1.16,-5.2,14.55,-4.98,1.34,15.8,-24.3,13.3,1.82,1.4,-0.78,"SL:48,TRAIL:23,TIME:14,SL_GAP:8,TRAIL_GAP:7"
breakout20,atr: sl1.5 trail2.5 H30,6883,31.4,0.53,-3.34,13.32,-5.32,1.15,13.2,-32.9,8.9,1.25,0.72,-0.9,"SL:42,TRAIL:35,TRAIL_GAP:9,SL_GAP:8,TIME:6"
breakout20,atr: sl2 trail3 H40,6883,35.7,1.1,-3.79,15.33,-6.78,1.25,17.7,-33.7,13.0,1.79,1.34,-0.72,"TRAIL:40,SL:34,TRAIL_GAP:9,TIME:9,SL_GAP:8"
breakout20,atr: sl2 trail4 H60,6883,33.6,1.58,-4.45,19.13,-7.29,1.33,21.0,-33.7,16.9,1.97,1.81,-0.21,"SL:43,TRAIL:30,SL_GAP:10,TIME:9,TRAIL_GAP:9"
breakout20,be+3 trail5 sl-2.5 H20,6883,23.1,-0.08,-2.7,8.0,-2.51,0.96,6.5,-18.7,4.5,-0.39,-0.05,-0.34,"SL:60,TRAIL:23,SL_GAP:6,TRAIL_GAP:5,TIME:5"
breakout20,be+4 trail8 sl-4 H40,6883,25.2,0.56,-4.2,12.73,-3.54,1.21,12.0,-24.3,9.2,1.27,0.72,-0.69,"SL:50,TRAIL:27,TRAIL_GAP:8,SL_GAP:8,TIME:7"
breakout20,ma10 sl-4 H40,6883,27.5,-0.03,-4.2,9.93,-3.81,0.99,7.9,-24.3,6.4,-0.1,0.1,-1.07,"SL:49,MA:44,SL_GAP:7,TIME:0"
breakout20,ma25 sl-6 H60,6883,30.1,1.35,-6.2,17.38,-5.55,1.35,15.4,-24.3,14.9,1.91,1.71,-1.43,"MA:46,SL:43,SL_GAP:7,TIME:3"
breakout20,tp5 then trail: half,6883,36.4,-0.04,-3.2,5.66,-3.31,0.98,6.9,-16.4,6.5,-0.14,0.05,-0.77,HALF:100
