setup,liq,TP,SL,H,n,win%,EV%,avgW%,avgL%,TP%,SL%,hold,月換算%,EV%_regUp,EV%_regDn
pullback,all,0.05,-0.025,10,21141,44.0,0.13,3.51,-2.52,24,44,5.9,0.5,0.21,-0.1
pullback,代金3億+,0.05,-0.025,10,5246,42.7,0.27,4.41,-2.81,33,54,4.4,1.3,0.32,0.13
breakout20,all,0.05,-0.025,10,23323,34.2,-0.3,4.32,-2.7,25,61,3.7,-1.7,-0.23,-0.84
breakout20,代金3億+,0.05,-0.025,10,6892,32.8,-0.28,4.79,-2.77,29,66,2.7,-2.2,-0.23,-0.72
breakout52w_vol1.5,all,0.05,-0.025,10,3732,27.8,-0.64,4.79,-2.74,24,69,2.7,-5.1,-0.58,-0.86
breakout52w_vol1.5,代金3億+,0.05,-0.025,10,1638,27.3,-0.61,5.11,-2.75,26,72,2.1,-6.0,-0.59,-0.68
rs_top10%_trend,all,0.05,-0.025,10,51407,33.6,-0.23,4.84,-2.79,31,65,2.8,-1.7,-0.15,-0.49
rs_top10%_trend,代金3億+,0.05,-0.025,10,28873,33.6,-0.2,4.95,-2.8,32,65,2.4,-1.7,-0.13,-0.46
growth_atr3-7_breakout,all,0.05,-0.025,10,1928,23.0,-0.91,5.4,-2.8,23,77,1.5,-12.6,-0.88,-1.17
growth_atr3-7_breakout,代金3億+,0.05,-0.025,10,419,23.9,-0.92,4.93,-2.75,24,76,1.3,-14.9,-0.9,
gapup7%_vol3,all,0.05,-0.025,10,4691,23.3,-0.9,5.1,-2.73,22,76,1.6,-11.7,-0.87,-1.08
gapup7%_vol3,代金3億+,0.05,-0.025,10,1515,24.4,-0.87,4.88,-2.72,23,75,1.5,-11.9,-0.88,-0.81
tight_breakout,all,0.05,-0.025,10,36399,35.4,-0.25,4.18,-2.68,25,59,4.0,-1.3,-0.19,-0.68
tight_breakout,代金3億+,0.05,-0.025,10,11684,34.5,-0.24,4.6,-2.78,29,63,3.2,-1.5,-0.21,-0.44
hiATR_momentum,all,0.05,-0.025,10,33102,30.4,-0.43,4.98,-2.8,29,68,2.5,-3.6,-0.42,-0.52
hiATR_momentum,代金3億+,0.05,-0.025,10,17471,32.5,-0.29,5.01,-2.84,31,67,2.4,-2.5,-0.27,-0.49
dip_in_uptrend,all,0.05,-0.025,10,8550,34.0,-0.2,4.98,-2.87,33,65,2.1,-2.0,-0.15,-0.27
dip_in_uptrend,代金3億+,0.05,-0.025,10,5884,34.0,-0.21,5.0,-2.89,33,66,1.9,-2.3,-0.09,-0.36
lowATR_pullback_4flag,all,0.05,-0.025,10,1838,45.2,0.33,4.03,-2.72,29,50,5.7,1.2,0.4,0.12
lowATR_pullback_4flag,代金3億+,0.05,-0.025,10,1838,45.2,0.33,4.03,-2.72,29,50,5.7,1.2,0.4,0.12
prime_rs_top5%,all,0.05,-0.025,10,13906,34.6,-0.13,4.92,-2.81,33,64,2.4,-1.1,-0.14,-0.07
prime_rs_top5%,代金3億+,0.05,-0.025,10,13906,34.6,-0.13,4.92,-2.81,33,64,2.4,-1.1,-0.14,-0.07
ALL(baseline),all,0.05,-0.025,10,939052,39.2,-0.07,3.82,-2.57,24,52,5.2,-0.3,-0.06,-0.08
ALL(baseline),代金3億+,0.05,-0.025,10,258959,38.0,-0.05,4.41,-2.78,30,59,4.0,-0.3,-0.07,0.01
pullback,all,0.08,-0.04,10,21141,48.8,0.42,4.2,-3.18,16,30,7.6,1.1,0.49,0.2
pullback,代金3億+,0.08,-0.04,10,5246,48.7,0.68,5.47,-3.87,24,41,6.5,2.2,0.74,0.54
breakout20,all,0.08,-0.04,10,23323,39.3,-0.13,5.54,-3.8,20,48,5.5,-0.5,-0.02,-0.99
breakout20,代金3億+,0.08,-0.04,10,6892,37.9,-0.09,6.5,-4.13,25,56,4.4,-0.4,0.04,-1.11
breakout52w_vol1.5,all,0.08,-0.04,10,3732,31.3,-0.77,6.48,-4.07,22,61,4.2,-3.8,-0.73,-0.93
breakout52w_vol1.5,代金3億+,0.08,-0.04,10,1638,30.9,-0.73,7.18,-4.26,24,66,3.5,-4.4,-0.68,-0.95
rs_top10%_trend,all,0.08,-0.04,10,51407,37.4,-0.08,6.77,-4.17,27,57,4.5,-0.4,0.05,-0.53
rs_top10%_trend,代金3億+,0.08,-0.04,10,28873,37.0,-0.03,7.18,-4.27,30,59,4.0,-0.2,0.11,-0.61
growth_atr3-7_breakout,all,0.08,-0.04,10,1928,27.3,-0.93,8.01,-4.28,25,71,2.5,-7.7,-0.87,-1.4
growth_atr3-7_breakout,代金3億+,0.08,-0.04,10,419,27.4,-0.85,8.25,-4.3,27,72,2.0,-8.9,-0.8,
gapup7%_vol3,all,0.08,-0.04,10,4691,29.1,-0.84,7.27,-4.18,24,68,2.7,-6.6,-0.8,-1.11
gapup7%_vol3,代金3億+,0.08,-0.04,10,1515,29.9,-0.78,7.3,-4.23,25,68,2.6,-6.4,-0.82,-0.51
tight_breakout,all,0.08,-0.04,10,36399,40.7,-0.07,5.24,-3.72,19,45,5.9,-0.2,0.02,-0.72
tight_breakout,代金3億+,0.08,-0.04,10,11684,40.1,-0.04,5.99,-4.06,24,52,5.1,-0.1,0.06,-0.67
hiATR_momentum,all,0.08,-0.04,10,33102,33.5,-0.46,7.02,-4.23,26,62,4.3,-2.2,-0.45,-0.52
hiATR_momentum,代金3億+,0.08,-0.04,10,17471,35.3,-0.24,7.28,-4.35,29,62,4.2,-1.2,-0.21,-0.49
dip_in_uptrend,all,0.08,-0.04,10,8550,34.7,-0.27,7.49,-4.4,30,63,3.6,-1.6,-0.06,-0.57
dip_in_uptrend,代金3億+,0.08,-0.04,10,5884,35.1,-0.2,7.72,-4.48,31,64,3.3,-1.3,0.1,-0.62
lowATR_pullback_4flag,all,0.08,-0.04,10,1838,51.7,0.7,4.59,-3.47,17,32,7.8,1.9,0.74,0.59
lowATR_pullback_4flag,代金3億+,0.08,-0.04,10,1838,51.7,0.7,4.59,-3.47,17,32,7.8,1.9,0.74,0.59
prime_rs_top5%,all,0.08,-0.04,10,13906,37.8,0.01,7.1,-4.29,30,58,4.1,0.0,0.01,-0.01
prime_rs_top5%,代金3億+,0.08,-0.04,10,13906,37.8,0.01,7.1,-4.29,30,58,4.1,0.0,0.01,-0.01
ALL(baseline),all,0.08,-0.04,10,939052,43.6,0.05,4.54,-3.43,16,38,7.1,0.1,0.06,0.03
ALL(baseline),代金3億+,0.08,-0.04,10,258959,43.1,0.11,5.46,-3.93,22,47,6.1,0.4,0.08,0.23
pullback,all,0.1,-0.05,15,20276,49.2,0.67,5.29,-3.82,16,29,11.4,1.2,0.7,0.57
pullback,代金3億+,0.1,-0.05,15,5010,49.6,1.05,6.85,-4.65,24,39,9.6,2.3,1.05,1.04
breakout20,all,0.1,-0.05,15,23081,41.2,0.06,6.77,-4.65,21,46,8.3,0.1,0.17,-0.88
breakout20,代金3億+,0.1,-0.05,15,6836,39.7,0.14,8.09,-5.1,26,55,6.6,0.4,0.27,-1.0
breakout52w_vol1.5,all,0.1,-0.05,15,3667,31.9,-0.9,7.83,-4.99,21,60,6.3,-3.0,-0.87,-1.0
breakout52w_vol1.5,代金3億+,0.1,-0.05,15,1610,31.7,-0.8,8.7,-5.22,23,64,5.2,-3.3,-0.75,-1.07
rs_top10%_trend,all,0.1,-0.05,15,49849,37.9,0.04,8.55,-5.16,28,57,6.4,0.1,0.2,-0.6
rs_top10%_trend,代金3億+,0.1,-0.05,15,28272,37.8,0.13,9.07,-5.3,31,59,5.6,0.5,0.27,-0.56
growth_atr3-7_breakout,all,0.1,-0.05,15,1899,28.8,-0.96,9.79,-5.3,26,69,3.7,-5.5,-0.87,-1.81
growth_atr3-7_breakout,代金3億+,0.1,-0.05,15,414,31.9,-0.37,10.17,-5.31,31,68,2.8,-2.8,-0.29,
gapup7%_vol3,all,0.1,-0.05,15,4618,31.1,-0.73,9.04,-5.13,25,66,4.1,-3.8,-0.77,-0.46
gapup7%_vol3,代金3億+,0.1,-0.05,15,1498,31.7,-0.65,9.14,-5.2,27,66,3.8,-3.5,-0.83,0.66
tight_breakout,all,0.1,-0.05,15,36061,42.6,0.16,6.49,-4.55,20,43,8.9,0.4,0.24,-0.51
tight_breakout,代金3億+,0.1,-0.05,15,11582,41.7,0.24,7.56,-4.99,25,51,7.6,0.7,0.33,-0.49
hiATR_momentum,all,0.1,-0.05,15,32780,34.1,-0.46,8.76,-5.23,26,62,6.2,-1.6,-0.44,-0.64
hiATR_momentum,代金3億+,0.1,-0.05,15,17362,35.7,-0.19,9.13,-5.36,29,61,5.9,-0.7,-0.15,-0.49
dip_in_uptrend,all,0.1,-0.05,15,8365,34.1,-0.45,9.12,-5.41,28,63,5.1,-1.9,-0.12,-0.94
dip_in_uptrend,代金3億+,0.1,-0.05,15,5785,34.1,-0.39,9.48,-5.49,30,64,4.5,-1.8,0.03,-1.01
lowATR_pullback_4flag,all,0.1,-0.05,15,1728,52.1,1.17,5.91,-4.0,18,29,11.6,2.1,1.15,1.25
lowATR_pullback_4flag,代金3億+,0.1,-0.05,15,1728,52.1,1.17,5.91,-4.0,18,29,11.6,2.1,1.15,1.25
prime_rs_top5%,all,0.1,-0.05,15,13749,38.8,0.18,8.84,-5.3,30,58,5.8,0.6,0.15,0.33
prime_rs_top5%,代金3億+,0.1,-0.05,15,13749,38.8,0.18,8.84,-5.3,30,58,5.8,0.6,0.15,0.33
ALL(baseline),all,0.1,-0.05,15,920632,45.0,0.25,5.73,-4.24,17,37,10.5,0.5,0.27,0.18
ALL(baseline),代金3億+,0.1,-0.05,15,253370,44.6,0.35,6.83,-4.85,22,46,8.9,0.8,0.29,0.61
pullback,all,0.15,-0.07,20,19521,51.0,1.01,6.47,-4.68,12,23,16.5,1.3,0.94,1.25
pullback,代金3億+,0.15,-0.07,20,4861,54.1,1.69,8.19,-5.97,17,32,14.6,2.4,1.5,2.26
breakout20,all,0.15,-0.07,20,22813,43.9,0.51,8.7,-5.9,17,39,12.9,0.8,0.61,-0.32
breakout20,代金3億+,0.15,-0.07,20,6778,42.7,0.71,10.64,-6.69,23,48,10.8,1.4,0.85,-0.57
breakout52w_vol1.5,all,0.15,-0.07,20,3595,33.9,-0.88,10.0,-6.46,17,52,10.4,-1.8,-0.96,-0.5
breakout52w_vol1.5,代金3億+,0.15,-0.07,20,1587,34.0,-0.73,11.41,-6.97,21,59,8.6,-1.8,-0.72,-0.75
rs_top10%_trend,all,0.15,-0.07,20,48263,39.2,0.33,11.48,-6.84,24,53,10.1,0.7,0.52,-0.43
rs_top10%_trend,代金3億+,0.15,-0.07,20,27635,38.9,0.48,12.38,-7.1,27,56,8.9,1.1,0.61,-0.17
growth_atr3-7_breakout,all,0.15,-0.07,20,1861,30.1,-1.02,13.25,-7.16,23,66,6.4,-3.4,-0.93,-1.88
growth_atr3-7_breakout,代金3億+,0.15,-0.07,20,411,31.9,-0.32,14.66,-7.33,29,67,4.9,-1.4,-0.2,
gapup7%_vol3,all,0.15,-0.07,20,4551,33.4,-0.54,12.06,-6.86,23,60,7.2,-1.6,-0.57,-0.36
gapup7%_vol3,代金3億+,0.15,-0.07,20,1480,34.4,-0.36,12.44,-7.07,25,62,6.8,-1.1,-0.53,0.88
tight_breakout,all,0.15,-0.07,20,35647,45.3,0.62,8.3,-5.73,16,36,13.7,1.0,0.69,0.04
tight_breakout,代金3億+,0.15,-0.07,20,11475,44.8,0.85,9.95,-6.54,21,44,12.0,1.5,0.97,-0.1
hiATR_momentum,all,0.15,-0.07,20,32068,36.5,-0.19,11.52,-6.93,23,56,10.0,-0.4,-0.18,-0.32
hiATR_momentum,代金3億+,0.15,-0.07,20,17109,37.9,0.19,12.19,-7.12,25,57,9.6,0.4,0.19,0.25
dip_in_uptrend,all,0.15,-0.07,20,8075,35.0,-0.32,12.53,-7.23,25,61,8.2,-0.8,-0.29,-0.35
dip_in_uptrend,代金3億+,0.15,-0.07,20,5599,34.4,-0.29,13.3,-7.41,27,63,7.2,-0.8,-0.22,-0.39
lowATR_pullback_4flag,all,0.15,-0.07,20,1669,57.0,1.84,6.98,-4.97,12,21,17.0,2.3,1.89,1.65
lowATR_pullback_4flag,代金3億+,0.15,-0.07,20,1669,57.0,1.84,6.98,-4.97,12,21,17.0,2.3,1.89,1.65
prime_rs_top5%,all,0.15,-0.07,20,13581,40.1,0.54,11.92,-7.08,26,54,9.4,1.2,0.4,1.29
prime_rs_top5%,代金3億+,0.15,-0.07,20,13581,40.1,0.54,11.92,-7.08,26,54,9.4,1.2,0.4,1.29
ALL(baseline),all,0.15,-0.07,20,902212,47.7,0.65,7.19,-5.31,13,30,15.3,0.9,0.68,0.55
ALL(baseline),代金3億+,0.15,-0.07,20,247685,48.0,0.91,8.62,-6.22,17,38,13.6,1.4,0.77,1.45
pullback,all,0.2,-0.08,20,19521,51.5,1.11,6.69,-4.81,7,19,17.4,1.3,1.01,1.5
pullback,代金3億+,0.2,-0.08,20,4861,55.3,1.86,8.47,-6.31,10,27,16.1,2.4,1.61,2.61
breakout20,all,0.2,-0.08,20,22813,44.7,0.72,9.4,-6.29,12,34,14.3,1.1,0.82,-0.07
breakout20,代金3億+,0.2,-0.08,20,6778,43.5,1.0,11.75,-7.29,17,44,12.4,1.7,1.15,-0.27
breakout52w_vol1.5,all,0.2,-0.08,20,3595,34.4,-0.81,10.96,-6.99,13,48,12.0,-1.4,-0.91,-0.32
breakout52w_vol1.5,代金3億+,0.2,-0.08,20,1587,34.2,-0.62,12.94,-7.67,17,55,10.2,-1.3,-0.63,-0.56
rs_top10%_trend,all,0.2,-0.08,20,48263,39.6,0.56,12.83,-7.47,18,49,11.8,1.0,0.77,-0.27
rs_top10%_trend,代金3億+,0.2,-0.08,20,27635,39.2,0.78,14.08,-7.81,21,53,10.7,1.5,0.93,0.04
growth_atr3-7_breakout,all,0.2,-0.08,20,1861,30.3,-1.0,15.15,-8.0,18,63,8.1,-2.6,-0.93,-1.65
growth_atr3-7_breakout,代金3億+,0.2,-0.08,20,411,30.9,-0.28,17.41,-8.2,24,66,6.6,-0.9,-0.37,
gapup7%_vol3,all,0.2,-0.08,20,4551,33.5,-0.41,13.94,-7.62,18,57,8.7,-1.0,-0.44,-0.17
gapup7%_vol3,代金3億+,0.2,-0.08,20,1480,34.3,-0.18,14.65,-7.9,20,59,8.2,-0.5,-0.35,1.09
tight_breakout,all,0.2,-0.08,20,35647,46.1,0.8,8.85,-6.07,11,31,15.1,1.1,0.86,0.3
tight_breakout,代金3億+,0.2,-0.08,20,11475,45.8,1.1,10.75,-7.04,14,40,13.6,1.7,1.24,0.08
hiATR_momentum,all,0.2,-0.08,20,32068,37.5,-0.0,12.61,-7.56,17,52,11.8,-0.0,0.02,-0.14
hiATR_momentum,代金3億+,0.2,-0.08,20,17109,39.2,0.56,13.53,-7.78,19,53,11.5,1.0,0.55,0.7
dip_in_uptrend,all,0.2,-0.08,20,8075,34.7,-0.24,14.35,-8.0,19,59,9.9,-0.5,-0.28,-0.19
dip_in_uptrend,代金3億+,0.2,-0.08,20,5599,34.0,-0.18,15.48,-8.23,21,62,8.8,-0.4,-0.21,-0.14
lowATR_pullback_4flag,all,0.2,-0.08,20,1669,58.2,2.03,7.07,-5.0,6,16,18.1,2.4,2.06,1.92
lowATR_pullback_4flag,代金3億+,0.2,-0.08,20,1669,58.2,2.03,7.07,-5.0,6,16,18.1,2.4,2.06,1.92
prime_rs_top5%,all,0.2,-0.08,20,13581,40.5,0.86,13.5,-7.75,20,51,11.2,1.6,0.71,1.68
prime_rs_top5%,代金3億+,0.2,-0.08,20,13581,40.5,0.86,13.5,-7.75,20,51,11.2,1.6,0.71,1.68
ALL(baseline),all,0.2,-0.08,20,902212,48.3,0.76,7.54,-5.56,8,26,16.5,1.0,0.79,0.69
ALL(baseline),代金3億+,0.2,-0.08,20,247685,49.1,1.1,9.13,-6.64,11,34,15.0,1.5,0.94,1.74
pullback,all,0.06,-0.06,10,21141,54.0,0.48,3.82,-3.44,25,16,8.0,1.3,0.53,0.34
pullback,代金3億+,0.06,-0.06,10,5246,57.2,0.77,4.73,-4.53,37,24,6.9,2.4,0.77,0.77
breakout20,all,0.06,-0.06,10,23323,48.5,-0.1,4.79,-4.71,32,31,6.1,-0.3,0.02,-0.98
breakout20,代金3億+,0.06,-0.06,10,6892,50.2,-0.0,5.36,-5.39,39,38,5.0,-0.0,0.17,-1.28
breakout52w_vol1.5,all,0.06,-0.06,10,3732,42.6,-0.8,5.35,-5.36,34,43,4.9,-3.5,-0.8,-0.82
breakout52w_vol1.5,代金3億+,0.06,-0.06,10,1638,43.8,-0.75,5.73,-5.79,38,47,4.1,-3.9,-0.71,-0.89
rs_top10%_trend,all,0.06,-0.06,10,51407,49.5,-0.1,5.48,-5.57,41,40,4.9,-0.4,-0.0,-0.44
rs_top10%_trend,代金3億+,0.06,-0.06,10,28873,50.3,-0.05,5.69,-5.86,44,42,4.4,-0.2,0.05,-0.47
growth_atr3-7_breakout,all,0.06,-0.06,10,1928,42.0,-0.94,6.16,-6.08,40,54,3.0,-6.6,-0.87,-1.5
growth_atr3-7_breakout,代金3億+,0.06,-0.06,10,419,48.9,-0.14,6.24,-6.25,48,50,2.3,-1.3,-0.01,
gapup7%_vol3,all,0.06,-0.06,10,4691,42.1,-0.97,5.78,-5.88,37,52,3.2,-6.5,-0.98,-0.96
gapup7%_vol3,代金3億+,0.06,-0.06,10,1515,44.1,-0.82,5.72,-5.98,40,51,3.0,-5.8,-0.94,-0.09
tight_breakout,all,0.06,-0.06,10,36399,49.2,-0.03,4.61,-4.53,31,28,6.5,-0.1,0.06,-0.69
tight_breakout,代金3億+,0.06,-0.06,10,11684,50.7,0.01,5.08,-5.21,37,35,5.6,0.0,0.12,-0.77
hiATR_momentum,all,0.06,-0.06,10,33102,46.4,-0.47,5.59,-5.72,39,44,4.9,-2.0,-0.46,-0.54
hiATR_momentum,代金3億+,0.06,-0.06,10,17471,49.0,-0.23,5.71,-5.94,43,44,4.7,-1.0,-0.2,-0.51
dip_in_uptrend,all,0.06,-0.06,10,8550,50.3,-0.08,5.87,-6.09,47,44,3.9,-0.4,0.04,-0.23
dip_in_uptrend,代金3億+,0.06,-0.06,10,5884,51.1,-0.05,5.96,-6.33,49,46,3.4,-0.3,0.2,-0.41
lowATR_pullback_4flag,all,0.06,-0.06,10,1838,57.0,0.81,4.14,-3.6,27,15,8.3,2.1,0.81,0.81
lowATR_pullback_4flag,代金3億+,0.06,-0.06,10,1838,57.0,0.81,4.14,-3.6,27,15,8.3,2.1,0.81,0.81
prime_rs_top5%,all,0.06,-0.06,10,13906,51.3,0.05,5.66,-5.85,45,41,4.5,0.3,0.01,0.26
prime_rs_top5%,代金3億+,0.06,-0.06,10,13906,51.3,0.05,5.66,-5.85,45,41,4.5,0.3,0.01,0.26
ALL(baseline),all,0.06,-0.06,10,939052,50.3,0.11,4.15,-3.97,26,22,7.5,0.3,0.09,0.17
ALL(baseline),代金3億+,0.06,-0.06,10,258959,52.5,0.21,4.78,-4.85,35,29,6.5,0.7,0.14,0.46
